Description,Zone,Response_Price,Profile,REF_2016,REF_2017,REF_2018,REF_2019,REF_2020,REF_2021,REF_2022,REF_2023,REF_2024,REF_2025,REF_2026,REF_2027,REF_2028,REF_2029,REF_2030,REF_2031,REF_2032,REF_2033,REF_2034,REF_2035,REF_2040,REF_2045,REF_2050,HIG_2016,HIG_2017,HIG_2018,HIG_2019,HIG_2020,HIG_2021,HIG_2022,HIG_2023,HIG_2024,HIG_2025,HIG_2026,HIG_2027,HIG_2028,HIG_2029,HIG_2030,HIG_2031,HIG_2032,HIG_2033,HIG_2034,HIG_2035,HIG_2040,HIG_2045,HIG_2050,LOW_2016,LOW_2017,LOW_2018,LOW_2019,LOW_2020,LOW_2021,LOW_2022,LOW_2023,LOW_2024,LOW_2025,LOW_2026,LOW_2027,LOW_2028,LOW_2029,LOW_2030,LOW_2031,LOW_2032,LOW_2033,LOW_2034,LOW_2035,LOW_2040,LOW_2045,LOW_2050
AUT_Heating_1,AUT,5000,D_AUT_RES,0,0,3242,9870,9870,9870,9870,9870,9870,9870,9870,9870,9870,9870,9870,9870,9870,9870,9870,9870,9870,9870,9870,0,0,3230,9870,9870,9870,9870,9870,9870,9870,9870,9870,9870,9870,9870,9870,9870,9870,9870,9870,9870,9870,9870,0,0,3230,9870,9870,9870,9870,9870,9870,9870,9870,9870,9870,9870,9870,9870,9870,9870,9870,9870,9870,9870,9870
AUT_Households_and_services,AUT,5000,D_AUT_RES,32769983,33612015,33700092,34132616,34132616,35191016,36249416,37307816,38366216,39424616,39583016,39741416,39899816,40058216,40216616,41008016,41799416,42590816,43382216,44173616,43630616,43382130,43323163,32644071,33479155,33577558,34132616,34132616,35191016,36249416,37307816,36899156,36490496,36081836,37201706,38321576,39441446,40216616,40951576,41341836,41732096,42122356,42512616,41449616,41201130,41142163,32644071,33479155,33577558,34132616,34132616,35191016,36249416,37307816,40879966,44452116,46516016,48579916,50643816,52707716,54771616,53703016,52634416,51565816,50497216,49428616,44085616,43837130,43778163
AUT_Industry,AUT,5000,D_AUT_RES,31682079,31938943,32004631,31716539,30651539,32169059,32621579,33074099,33526619,33979139,34431659,34884179,35336699,35789219,36241739,36647159,37052579,37457999,37863419,38268839,40295939,41223575,41443707,31633824,31888037,31957733,31716539,30651539,32169059,32621579,33074099,33726044,34377989,34910279,35442569,35615894,35789219,36241739,36647159,37052579,37457999,37863419,38268839,40151639,41079275,41299407,31633824,31888037,31957733,31716539,30651539,32169059,32621579,33074099,34595744,36117389,36997559,37877729,38757899,39638069,40518239,40941659,41365079,41788499,42211919,42635339,44752439,45680075,45900207
AUT_Transport_1,AUT,5000,D_AUT_RES,3399276,3462627,3471334,3466168,3466168,3466168,3466168,3466168,3466168,3466168,3466168,3466168,3466168,3466168,3466168,3466168,3466168,3466168,3466168,3466168,3466168,3466168,3466168,3386215,3448940,3458713,3466168,3466168,3466168,3466168,3466168,3466168,3466168,3466168,3466168,3466168,3466168,3466168,3466168,3466168,3466168,3466168,3466168,3466168,3466168,3466168,3386215,3448940,3458713,3466168,3466168,3466168,3466168,3466168,3466168,3466168,3466168,3466168,3466168,3466168,3466168,3466168,3466168,3466168,3466168,3466168,3466168,3466168,3466168
AUT_Transport_2,AUT_EV,5000,D_DEFAULT_EV,14946,15318,15598,15148,176014,280018,384022,488026,592030,696034,800038,904042,1008046,1112050,1216054,1666738,2117422,2568106,3018790,3469474,5722894,7670464,9177456,14888,15257,15541,15148,176014,280018,384022,488026,592030,696034,800038,904042,1008046,1112050,1216054,1666738,2117422,2568106,3018790,3469474,5722894,7670464,9177456,14888,15257,15541,15148,176014,280018,384022,488026,1200257,1912489,2184925,2457362,2729798,3002234,3274670,4455227,5635784,6816342,7996899,9177456,11288340,12534796,13270816
AUT_Heating_2,AUT,5000,D_AUT_HEAT,0,0,1344,24416,253610,383487,513363,643240,773116,902993,1032870,1162746,1292623,1422499,1552376,1766291,1980205,2194119,2408034,2621948,3691520,4180975,4297124,0,0,1340,24416,253610,383487,513363,643240,773117,902993,1032870,1162746,1292623,1422499,1552376,1766291,1980205,2194119,2408034,2621948,3691520,4180975,4297124,0,0,1340,24416,253610,383487,513363,643240,773117,902993,1032870,1162746,1292623,1422499,1552376,1766291,1980205,2194119,2408034,2621948,3691520,4180975,4297124
BEL_Households_and_services,BEL,5000,D_BEL_RES,44633795,44353460,44427602,44082577,44082577,43762577,42442577,43022577,43402577,43882577,44662577,45442577,46322577,46902577,47382577,47382577,47382577,47382577,47382577,47382577,47382577,47382577,47382577,44487618,44210402,44292430,44082577,44082577,43762577,42442577,43022577,43316863,43611149,43905434,44199720,44494006,44788291,45082577,45082577,45082577,45082577,45082577,45082577,45082577,45082577,45082577,44487618,44210402,44292430,44082577,44082577,43762577,42442577,43022577,43402577,43882577,44662577,45442577,46322577,46902577,47382577,47382577,47382577,47382577,47382577,47382577,47382577,47382577,47382577
BEL_Industry,BEL,5000,D_BEL_RES,41145338,41522108,41997087,41330732,39855732,41169032,41007332,40845632,40845632,40845632,40845632,40845632,40845632,40845632,40845632,40845632,40845632,40845632,40845632,40845632,40845632,40845632,40845632,41100991,41478203,41954198,41330732,39855732,41169032,41007332,40845632,40845632,40845632,40845632,40845632,40845632,40845632,40845632,40845632,40845632,40845632,40845632,40845632,40845632,40845632,40845632,41100991,41478203,41954198,41330732,39855732,41169032,41007332,40845632,40845632,40845632,40845632,40845632,40845632,40845632,40845632,40845632,40845632,40845632,40845632,40845632,40845632,40845632,40845632
BEL_Transport_1,BEL,5000,D_BEL_RES,1730733,1753477,1771944,1712526,1712526,1712526,1712526,1712526,1712526,1712526,1712526,1712526,1712526,1712526,1712526,1712526,1712526,1712526,1712526,1712526,1712526,1712526,1712526,1725064,1747821,1766552,1712526,1712526,1712526,1712526,1712526,1712526,1712526,1712526,1712526,1712526,1712526,1712526,1712526,1712526,1712526,1712526,1712526,1712526,1712526,1712526,1725064,1747821,1766552,1712526,1712526,1712526,1712526,1712526,1712526,1712526,1712526,1712526,1712526,1712526,1712526,1712526,1712526,1712526,1712526,1712526,1712526,1712526,1712526
BEL_Transport_2,BEL_EV,5000,D_DEFAULT_EV,29334,48055,72167,107165,220638,413238,605838,798438,1087338,1376238,1761438,2146638,2531838,3109638,3687438,4288701,4889964,5491227,6092490,6693754,9019983,10819976,12212775,29238,47900,71947,107165,220638,413238,605838,798438,1087338,1376238,1761438,2146638,2531838,3109638,3687438,4288701,4889964,5491227,6092490,6693754,9019983,10819976,12212775,29238,47900,71947,107165,220638,413238,605838,798438,1087338,1376238,1761438,2146638,2531838,3109638,3687438,5392505,7097572,8802640,10507707,12212775,14163707,15315712,15995960
BEL_Heating,BEL,5000,D_BEL_HEAT,0,0,0,0,45839,94224,142610,190995,355251,519506,779260,1039013,1298766,1600538,1902310,2188039,2473767,2759496,3045224,3330953,4759595,5413367,5568510,0,0,0,0,45839,94224,142610,190995,355251,519506,779260,1039013,1298766,1600538,1902310,2188039,2473767,2759496,3045224,3330953,4759595,5413367,5568510,0,0,0,0,45839,94224,142610,190995,355251,519506,779260,1039013,1298766,1600538,1902310,2188039,2473767,2759496,3045224,3330953,4759595,5413367,5568510
CHE_Households_and_services,CHE,5000,D_CHE_RES,0,0,57269348,57700000,35370837,35139790,34908744,34677698,34446651,34215605,34157843,34100082,34042320,33984558,33926797,33695750,33464704,33233658,33002611,32771565,31905141,31616333,30461101,0,0,57269348,57700000,35370837,35139790,34908744,34677698,34446651,34215605,34157843,34100082,34042320,33984558,33926797,33695750,33464704,33233658,33002611,32771565,31905141,31616333,30461101,0,0,57269348,57700000,35370837,35139790,34908744,34677698,35409587,35416408,35606232,35797156,35989196,36182368,36376686,36430203,36478028,36520161,36556600,36587344,35435201,34763676,33290198
CHE_Industry,CHE,5000,D_CHE_RES,0,0,5382014,5500000,24913372,24624564,24335756,24046948,23758140,23469332,23296047,23122762,22949478,22776193,22602908,22545146,22487385,22429623,22371862,22314100,22314100,21158868,20003636,0,0,5382014,5500000,24913372,24624564,24335756,24046948,23758140,23469332,23296047,23122762,22949478,22776193,22602908,22545146,22487385,22429623,22371862,22314100,22314100,21158868,20003636,0,0,5382014,5500000,24913372,24624564,24335756,24046948,24654348,24583423,24632976,24681154,24727939,24773313,24817256,25033372,25248090,25461410,25673332,25883856,25741043,24092957,22630762
CHE_Transport,CHE_EV,5000,D_DEFAULT_EV,0,0,97358,194715,3383297,3614344,3845390,4076437,4307483,4538529,4885099,5231669,5578238,5924808,6271377,6791232,7311086,7830941,8350795,8870649,12336345,15224425,17823697,0,0,97358,194715,3383297,3614344,3845390,4076437,4307483,4538529,4885099,5231669,5578238,5924808,6271377,6791232,7311086,7830941,8350795,8870649,12336345,15224425,17823697,0,0,97358,194715,3383297,3614344,3845390,4076437,4469971,4753974,5165448,5584264,6010522,6444322,6885768,7540755,8208645,8889440,9583142,10289755,14230930,17335588,20164526
CHE_Heating,CHE,5000,D_CHE_HEAT,0,0,0,0,0,144421,288973,433608,578297,723027,820279,917453,1014565,1111628,1208654,1269410,1328681,1386753,1443843,1500120,1282479,1328265,1096460,0,0,0,0,0,144421,288973,433608,578297,723027,820279,917453,1014565,1111628,1208654,1269410,1328681,1386753,1443843,1500120,1282479,1328265,1096460,0,0,0,0,0,144421,288973,433608,881634,1111612,1295666,1482318,1671620,1863618,2058362,2234388,2410338,2586467,2762972,2940002,2634360,2559981,2234166
CZE_Heating,CZE,5000,D_CZE_RES,2477,4397,4895,5429,5429,5429,5429,5429,5429,5429,5429,5429,5429,5429,5429,5429,5429,5429,5429,5429,5429,5429,5429,2462,4369,4866,5429,5429,5429,5429,5429,5429,5429,5429,5429,5429,5429,5429,5429,5429,5429,5429,5429,5429,5429,5429,2462,4369,4866,5429,5429,5429,5429,5429,5429,5429,5429,5429,5429,5429,5429,5429,5429,5429,5429,5429,5429,5429,5429
CZE_Households_and_services,CZE,5000,D_CZE_RES,33784841,34555583,34706669,35062917,35062917,35642917,36222917,36802917,37382917,37962917,38542917,39122917,39702917,40282917,40862917,41292917,41722917,42152917,42582917,43012917,45162917,43012917,40862917,33585943,34334283,34500213,35062917,35062917,35642917,36222917,36802917,36742917,37162917,37582917,38002917,38422917,38842917,39262917,39262917,39262917,39262917,39262917,39262917,40762917,39462917,38162917,33585943,34334283,34500213,35062917,35062917,35642917,36222917,36802917,37807917,38812917,39562917,40312917,41062917,41812917,42562917,42802917,43042917,43282917,43522917,43762917,44962917,41312917,37662917
CZE_Industry,CZE,5000,D_CZE_RES,26153477,27105942,27507418,27392065,26727065,27536065,27680065,27824065,27968065,28112065,28256065,28400065,28544065,28688065,28832065,29086065,29340065,29594065,29848065,30102065,31372065,34722065,38072065,26064408,27004789,27411063,27392065,26727065,27536065,27680065,27824065,27808065,27912065,28016065,28120065,28224065,28328065,28432065,28464065,28496065,28528065,28560065,28592065,29852065,32302065,34752065,26064408,27004789,27411063,27392065,26727065,27536065,27680065,27824065,28078065,28332065,28520065,28708065,28896065,29084065,29272065,29520065,29768065,30016065,30264065,30512065,31752065,35832065,39912065
CZE_Transport_1,CZE,5000,D_CZE_RES,1696278,1771574,1825384,1825194,1825194,1825194,1825194,1825194,1825194,1825194,1825194,1825194,1825194,1825194,1825194,1825194,1825194,1825194,1825194,1825194,1825194,1825194,1825194,1686292,1760228,1814526,1825194,1825194,1825194,1825194,1825194,1825194,1825194,1825194,1825194,1825194,1825194,1825194,1825194,1825194,1825194,1825194,1825194,1825194,1825194,1825194,1686292,1760228,1814526,1825194,1825194,1825194,1825194,1825194,1825194,1825194,1825194,1825194,1825194,1825194,1825194,1825194,1825194,1825194,1825194,1825194,1825194,1825194,1825194
CZE_Transport_2,CZE_EV,5000,D_DEFAULT_EV,74693,72668,73492,74761,85128,220622,356116,491610,627104,762599,898093,1033587,1169081,1304575,1440069,2129561,2819053,3508545,4198037,4887529,7555107,9619229,11216407,74253,72202,73055,74761,85128,220622,356116,491610,627104,762599,898093,1033587,1169081,1304575,1440069,2129561,2819053,3508545,4198037,4887529,7555107,9619229,11216407,74253,72202,73055,74761,85128,220622,356116,491610,1083284,1674958,1988372,2301786,2615200,2928614,3242027,4836903,6431779,8026655,9621531,11216407,13453616,14774666,15554732
DEU_Households_and_services,DEU,5000,D_DEU_RES,294271004,295104853,290020319,285152848,285986985,277446479,271089921,264500000,262700000,258200000,262160000,266120000,270080000,274040000,278000000,284841723,291683445,298525168,305366891,312208614,329439215,346669816,363900418,293335808,294073975,289012609,285152848,285986985,277446479,271089921,264500000,262700000,265012545,270783235,276553924,282324614,288095304,293865993,302681728,311497463,320313198,329128933,337944668,335216392,335515561,339200509,294271004,295104853,290020319,285152848,285986985,277446479,271089921,264500000,259014682,253510000,262883913,272257826,281631738,291005651,300379564,305652203,310924843,316197482,321470121,326742760,327813078,334102216,341467261
DEU_Industry,DEU,5000,D_DEU_RES,255995617,256944969,255345844,246897790,242147790,254811230,259724670,264600000,269600000,274500000,279000000,283500000,288000000,292500000,297000000,302184657,307369314,312553970,317738627,322923284,325437117,327950951,330464784,255640476,256552324,254953502,246897790,242147790,255149830,260063270,264600000,269600000,269920185,273255593,276591000,279926408,283261815,286597223,289423623,292250023,295076423,297902823,300729223,300649854,303963470,307866030,255995617,256944969,255345844,246897790,242147790,254811230,259724670,264600000,271363355,277750000,283788616,289827231,295865847,301904463,307943078,309567441,311191804,312816167,314440530,316064892,323499748,332999568,341467261
DEU_Transport_1,DEU,5000,D_DEU_RES,12453299,12674608,12738337,12156675,12156675,12156675,12156675,12168858,12184497,12183556,14495390,16287747,17718035,18885899,19857495,19727324,19615881,19519397,19435049,19360682,14589223,12980122,12408510,12413765,12630336,12694078,12156675,12156675,12156675,12156675,12168858,12184497,11932116,12115975,12271828,12405621,12521728,12623439,12771665,12903539,13021626,13127981,13224269,13005832,13052067,13196515,12453299,12674608,12738337,12156675,12156675,12156675,12156675,12168858,12434865,12278242,12584852,12790463,12937923,13048845,13135312,13092119,13056728,13027201,13002192,12980737,13147568,13389134,13705606
DEU_Transport_2,DEU_EV,5000,D_DEFAULT_EV,115158,167817,242483,361085,845507,1915507,2664507,3631142,4815503,6316444,10704610,15612253,20881965,26414101,32142505,36272676,40384119,44480603,48564951,52639318,67544111,79286545,89991490,114791,167228,241637,361085,845507,1915507,2664507,3631142,4815503,6186087,7934354,9710627,11508960,13324978,15155393,17075750,19012459,20962955,22925183,24897477,51798548,73191578,90594241,115158,167817,242483,361085,845507,1915507,2664507,3631142,13173428,17039886,24845902,32752916,40718082,48719786,56745945,64237337,71720926,79198652,86671860,94141514,116421279,131230456,141990703
DEU_Heating,DEU,5000,D_DEU_HEAT,0,0,0,0,1140000,2531000,3922000,5289251,6684403,9855185,13643713,17451576,21272717,25103370,28781420,33169314,34338627,35507941,36677254,33694164,39019782,44665376,50022973,0,0,0,0,1140000,2531000,3922000,5289251,6684403,7945469,8389557,8832105,9273303,9713309,10072439,12427234,13096516,13765798,14435080,12297800,12880446,13113368,13303392,0,0,0,0,1140000,2531000,3922000,5289251,6744630,8175950,10958444,13747603,16540378,19335333,22042241,26572250,29348399,32124548,34900697,34921967,41338932,43744496,45066171
DK1_Heating_1,DK1,45,D_DK1_BOILER,0,0,530247,658157,816923,1013988,1258590,1258590,1502550,1566750,1618110,1723135,1781982,1877527,1903207,1909627,1909627,1948147,2005927,2018767,2121487,2121487,2121487,0,0,0,658157,816923,1013988,1258590,1258590,1502550,1566750,1618110,1723135,1781982,1877527,1903207,1909627,1909627,1948147,2005927,2018767,2121487,2121487,2121487,0,0,0,658157,816923,1013988,1258590,1258590,1412670,1566750,1618110,1723135,1781982,1877527,1903207,1909627,1909627,1948147,2005927,2018767,2121487,2121487,2121487
DK1_Households_and_services,DK1,5000,D_DK1_RES,0,0,18382006,18617907,18857304,19100254,19346821,19593387,19839953,20086520,20289582,20492644,20695706,20898769,21101830,21230025,21358222,21486417,21614612,21759712,22532112,23101461,23437657,0,0,0,18617907,18857304,19100254,19346821,19593387,19839953,20086520,20289582,20492644,20695706,20898769,21101830,21230025,21358222,21486417,21614612,21759712,22532112,23101461,23437657,0,0,0,18617907,18857304,19100254,19346821,19593387,19839954,20086520,20289582,20492644,20695706,20898769,21101830,21230025,21358222,21486417,21614612,21759712,22532112,23101461,23437657
DK1_Transport_1,DK1,5000,D_DK1_RES,0,0,178123,180079,183145,188098,196294,207216,269330,288746,313337,435766,518534,583360,654726,720719,793004,871435,956005,1046843,1367378,1601299,1739427,0,0,0,180079,183145,188098,196294,207216,269330,288746,313337,435766,518534,583360,654726,720719,793004,871435,956005,1046843,1367378,1601299,1739427,0,0,0,180079,183145,188098,196294,207216,247981,288746,313337,435766,518534,583360,654726,720719,793004,871435,956005,1046843,1367378,1601299,1739427
DK1_Transport_2,DK1_EV,5000,D_DEFAULT_EV,0,0,26114,42462,69044,112268,182551,267610,370323,494287,640212,811263,1008660,1235917,1502315,1806898,2144949,2515222,2915443,3348764,5200996,6543296,7335910,0,0,0,42462,69044,112268,182551,267610,200200,282997,390370,525617,692010,892539,1130354,1417633,1704913,1992192,2279472,2566751,3956240,4225453,4233866,0,0,0,42462,69044,112268,182551,267610,610803,953996,1135549,1317102,1498654,1680207,1861760,2113917,2366074,2618232,2915443,3348764,5200996,6543296,7335910
DK1_Industry,DK1,5000,D_DEFAULT_Flat,0,0,132205,253192,484899,928653,1778506,2493231,3365364,4160481,4960627,5679239,6257253,6858700,7405470,7438212,7470954,7503696,7536438,7569180,7732890,7853564,7924820,0,0,0,253192,484899,928653,1778506,2493231,3365364,3666832,4133409,4497922,4810362,5138424,5430035,5579485,5728936,5878386,6027837,6177287,6724057,6974269,7033645,0,0,0,253192,484899,928653,1778506,2493231,3326856,4160481,4960627,5679239,6257253,6858700,7405470,7734923,8064376,8393829,8723282,9052735,10700000,11012764,11086985
DK1_Heating_2,DK1,160,D_DK1_HEAT,0,0,212575,256789,331914,459049,679321,788767,998406,1345208,1648571,1968738,2160914,2283715,2424844,2539848,2572910,2660881,2722868,2818698,3124574,3255147,3332249,0,0,0,256789,331914,459049,679321,788767,998406,1345208,1496890,1656973,1753061,1814462,1885026,1942528,1959059,2003045,2034038,2081953,2234891,2300178,2338729,0,0,0,256789,331914,459049,679321,788767,1066988,1345208,1678907,2031091,2242485,2377566,2532808,2659312,2695680,2792448,2860634,2966047,3302511,3446141,3530953
DK1_Heating_3,DK1,5000,D_DK1_HEAT,0,0,1490809,1357945,1323508,1380239,1540161,1700083,1860004,2019926,2225629,2431332,2637035,2842737,3048440,3254143,3459846,3665549,3871252,4076955,4799922,5332836,5647517,0,0,0,1357945,1323508,1380239,1540161,1700083,1860004,2019926,2122778,2225629,2328481,2431332,2534183,2637035,2739886,2842738,2945589,3048441,3409924,3676381,3833722,0,0,0,1357945,1323508,1380239,1540161,1700083,1860005,2019926,2246199,2472473,2698746,2925018,3151291,3377565,3603838,3830111,4056385,4282658,5077922,5664127,6010276
DK2_Heating_1,DK2,40,D_DK2_BOILER,0,0,170817,183618,197378,212170,228070,240790,247150,269410,298030,304390,310750,310750,342550,345730,383890,383890,383890,390250,396610,396610,396610,0,0,0,183618,197378,212170,228070,240790,247150,269410,298030,304390,310750,310750,342550,345730,383890,383890,383890,390250,396610,396610,396610,0,0,0,183618,197378,212170,228070,240790,255100,269410,298030,304390,310750,310750,342550,345730,383890,383890,383890,390250,396610,396610,396610
DK2_Households_and_services,DK2,5000,D_DK2_RES,0,0,12140142,12295938,12454044,12614498,12777340,12940181,13103022,13265864,13399973,13534083,13668192,13802301,13936412,14021076,14105741,14190406,14275071,14370899,14881021,15257040,15479075,0,0,0,12295938,12454044,12614498,12777340,12940181,13103022,13265864,13399973,13534083,13668192,13802301,13936412,14021076,14105741,14190406,14275071,14370899,14881021,15257040,15479075,0,0,0,12295938,12454044,12614498,12777340,12940181,13103023,13265864,13399973,13534083,13668192,13802301,13936412,14021076,14105741,14190406,14275071,14370899,14881021,15257040,15479075
DK2_Transport_1,DK2,5000,D_DK2_RES,0,0,389235,395102,403564,415839,433715,453874,535127,560366,589278,690185,841085,889425,942128,974391,1001241,1022427,1037876,1047616,1238965,1375817,1456625,0,0,0,395102,403564,415839,433715,453874,535127,560366,589278,690185,841085,889425,942128,974391,1001241,1022427,1037876,1047616,1238965,1375817,1456625,0,0,0,395102,403564,415839,433715,453874,507120,560366,589278,690185,841085,889425,942128,974391,1001241,1022427,1037876,1047616,1238965,1375817,1456625
DK2_Transport_2,DK2_EV,5000,D_DEFAULT_EV,0,0,34401,53968,84665,132821,208368,294730,393556,506909,633588,774780,929575,1099087,1289071,1495831,1712967,1937452,2165762,2398612,3725306,4686752,5254476,0,0,0,53968,84665,132821,208368,294730,291425,411951,568250,765125,929575,1099087,1289071,1495831,1712967,1937452,2165762,2398612,3725306,4686752,5254476,0,0,0,53968,84665,132821,208368,294730,841717,1388704,1652985,1917266,2181547,2445828,2710109,3077167,3444225,3811282,4178340,4545398,6062376,6356290,6365475
DK2_Industry,DK2,5000,D_DEFAULT_Flat,0,0,2467,5962,14409,34821,84151,178167,388254,677268,943069,1151995,1346412,1532124,1624980,1624980,1624980,1624980,1624980,1624980,1624980,1624980,1624980,0,0,0,5962,14409,34821,84151,178167,360185,427906,473054,525648,610137,693454,776771,873107,969443,1065778,1162114,1258450,1624980,1624980,1624980,0,0,0,5962,14409,34821,84151,178167,427718,677268,943069,1151995,1346412,1532124,1624980,1783482,1941984,2100486,2258988,2417490,3210000,3522764,3596985
DK2_Heating_2,DK2,150,D_DK2_HEAT,0,0,21092,33201,55397,97978,183687,227682,362290,450183,611615,849962,939046,1034833,1368294,1409298,1499772,1547106,1623215,1690629,1920768,2093508,2195509,0,0,0,33201,55397,97978,183687,227682,362290,450183,530899,650073,694615,742508,909239,929741,974978,998645,1036699,1070406,1185476,1271846,1322846,0,0,0,33201,55397,97978,183687,227682,338933,450183,627758,889940,987932,1093298,1460105,1505210,1604731,1656798,1740518,1814674,2067827,2257841,2370042
DK2_Heating_3,DK2,5000,D_DK2_HEAT,0,0,921950,863777,857830,903041,1007672,1112303,1216934,1321564,1456148,1590732,1725316,1859900,1994484,2129068,2263652,2398236,2532820,2667404,3140415,3489079,3694962,0,0,0,863777,857830,903041,1007672,1112303,1216934,1321564,1388856,1456148,1523440,1590732,1658024,1725316,1792608,1859900,1927192,1994484,2230990,2405322,2508263,0,0,0,863777,857830,903041,1007672,1112303,1216934,1321564,1469606,1617649,1765691,1913734,2061776,2209818,2357861,2505903,2653946,2801988,3322300,3705831,3932302
ESP_Households_and_services,ESP,5000,D_ESP_RES,0,0,212812150,185829531,185829531,185829531,185829531,185829531,185829531,185829531,185829531,185829531,185829531,185829531,185829531,187029531,188229531,189429531,190629531,191829531,197829531,193253360,192167413,0,0,0,185829531,185829531,185829531,185829531,185829531,185829531,185829531,185829531,185829531,185829531,185829531,185829531,187619531,189409531,191199531,192989531,194779531,203729531,199153360,198067413,0,0,0,185829531,185829531,185829531,185829531,185829531,189079531,192329531,193629531,194929531,196229531,197529531,198829531,200929531,203029531,205129531,207229531,209329531,219829531,215253360,214167413
ESP_Industry,ESP,5000,D_ESP_RES,0,0,58251870,50601469,48071395,51301469,52001469,52701469,53401469,54101469,54801469,55501469,56201469,56901469,57601469,57921801,58242133,58562465,58882797,59203129,59583210,59673405,59694809,0,0,0,50601469,48071395,51301469,52001469,52701469,51601469,50501469,49401469,49201469,49001469,48801469,48601469,48921801,49242133,49562465,49882797,50203129,50583210,50673405,50694809,0,0,0,50601469,48071395,51301469,52001469,52701469,53401469,54101469,54801469,55501469,56201469,56901469,57601469,57921801,58242133,58562465,58882797,59203129,59583210,59673405,59694809
ESP_Transport,ESP_EV,5000,D_DEFAULT_EV,0,0,121980,94068,219564,682382,1145200,1608017,2070835,2533653,4049222,5564792,7080361,8595931,10111500,11989350,13867200,15745050,17622900,19500750,28890000,37712883,44539861,0,0,0,94068,219564,682382,1145200,1608017,2036112,2464207,2892302,3974851,5057401,6139950,7222500,9462731,11702962,13943192,16183423,18423654,27556769,35003661,41075654,0,0,0,94068,219564,682382,1145200,1608017,2613761,3619504,5784603,7949703,10114802,12279901,14445000,20463972,26482944,32501917,38520889,44539861,54102591,59749287,63083605
ESP_Heating,ESP,5000,D_ESP_HEAT,0,0,0,0,2559091,5118182,7677273,10236364,12795455,15354545,17913636,20472727,23031818,25590909,28150000,29321084,30492168,31663252,32834336,34005420,35394939,35724678,35802926,0,0,0,0,2559091,5118182,7677273,10236364,12115455,13994545,15873636,18092727,20311818,22530909,24750000,25765494,26780988,27796483,28811977,29827471,31032378,31318309,31386161,0,0,0,0,2559091,5118182,7677273,10236364,12795455,15354545,17913636,20472727,23031818,25590909,28150000,29321084,30492168,31663252,32834336,34005420,35394939,35724678,35802926
EST_Households_and_services,EST,5000,D_EST_RES,5606580,5443073,5604567,5481064,5481064,5508064,5535064,5562064,5589064,5616064,5643064,5670064,5697064,5724064,5751064,5747064,5743064,5739064,5735064,5731064,5711064,5701912,5699740,5560445,5389784,5556744,5481064,5481064,5508064,5535064,5562064,5589064,5511064,5517064,5523064,5529064,5535064,5541064,5516064,5491064,5466064,5441064,5416064,5291064,5281912,5279740,5560445,5389784,5556744,5481064,5481064,5508064,5535064,5562064,5589064,5616064,5643064,5670064,5697064,5724064,5751064,5747064,5743064,5739064,5735064,5731064,5711064,5701912,5699740
EST_Industry,EST,5000,D_EST_RES,2887642,3020378,3077068,2746032,2676032,2750832,2755632,2760432,2765232,2770032,2774832,2779632,2784432,2789232,2794032,2798082,2802132,2806182,2810232,2814282,2834532,2843799,2845998,2869772,2998467,3057931,2746032,2676032,2750832,2755632,2760432,2765232,2751282,2752332,2753382,2754432,2755482,2756532,2756832,2757132,2757432,2757732,2758032,2759532,2768799,2770998,2869772,2998467,3057931,2746032,2676032,2750832,2755632,2760432,2765232,2770032,2774832,2779632,2784432,2789232,2794032,2798082,2802132,2806182,2810232,2814282,2834532,2843799,2845998
EST_Transport_1,EST,5000,D_EST_RES,34086,33288,28640,41677,41677,41677,41677,41677,41677,41677,41677,41677,41677,41677,41677,41677,41677,41677,41677,41677,41677,41677,41677,33805,32962,28395,41677,41677,41677,41677,41677,41677,41677,41677,41677,41677,41677,41677,41677,41677,41677,41677,41677,41677,41677,41677,33805,32962,28395,41677,41677,41677,41677,41677,41677,41677,41677,41677,41677,41677,41677,41677,41677,41677,41677,41677,41677,41677,41677
EST_Transport_2,EST_EV,5000,D_DEFAULT_EV,18692,17753,18726,18167,32334,62334,92334,122334,152334,182334,294334,406334,518334,630334,742334,819334,896334,973334,1050334,1127334,1512334,1661205,1776398,18538,17580,18566,18167,32334,62334,92334,122334,152334,182334,294334,406334,518334,630334,742334,819334,896334,973334,1050334,1127334,1512334,1661205,1776398,18538,17580,18566,18167,32334,62334,92334,122334,424334,522334,620334,718334,816334,914334,1012334,1128334,1244334,1360334,1476334,1592334,2172334,2171549,2171085
EST_Heating,EST,5000,D_EST_HEAT,0,0,0,0,6818,20455,34091,47727,61364,75000,88637,102273,115909,129546,143182,156182,169182,182182,195182,208182,273182,302927,309986,0,0,0,0,6818,20455,34091,47727,61364,75000,88637,102273,115909,129546,143182,156182,169182,182182,195182,208182,273182,302927,309986,0,0,0,0,6818,20455,34091,47727,113364,140000,166637,193273,219909,246546,273182,293182,313182,333182,353182,373182,473182,518944,529803
FIN_Transport_1,FIN_EV,5000,D_DEFAULT_EV,10389,22927,48112,74928,107490,300475,493460,686446,879431,1072416,1332426,1592436,1852446,2112456,2372466,2646921,2921376,3195831,3470286,3744741,5117016,5855102,6096958,10372,22884,48008,74928,107490,300475,493460,686446,879431,1072416,1332426,1592436,1852446,2112456,2372466,2646921,2921376,3195831,3470286,3744741,5117016,5855102,6096958,10372,22884,48008,74928,107490,300475,493460,686446,1689314,2692182,3209120,3726059,4242997,4759936,5276874,5793813,6310751,6827689,7344628,7861566,8362350,8378000,8378489
FIN_Heating_1,FIN,5000,D_FIN_RES,22855,23969,21964,27057,27057,27057,27057,27057,27057,27057,27057,27057,27057,27057,27057,27057,27057,27057,27057,27057,27057,27057,27057,22817,23924,21917,27057,27057,27057,27057,27057,27057,27057,27057,27057,27057,27057,27057,27057,27057,27057,27057,27057,27057,27057,27057,22817,23924,21917,27057,27057,27057,27057,27057,27057,27057,27057,27057,27057,27057,27057,27057,27057,27057,27057,27057,27057,27057,27057
FIN_Households_and_services,FIN,5000,D_FIN_RES,43364311,43305563,44387458,43605089,44386699,44090201,43793703,43497206,43200708,42904211,42607713,42311215,42014718,41718220,41421723,42417497,43413271,44409045,45404819,46400593,42071254,37741915,40132272,43292904,43224550,44291559,43605089,44386699,44090201,43793703,43497206,43200708,44170877,44127713,44084549,44041385,43998220,43955056,43537496,43119937,42702378,42284819,41867260,41321234,41541915,43932272,43292904,43224550,44291559,43605089,44386699,44090201,43793703,43497206,39450708,35404211,33607713,31811215,30014718,28218220,26421723,29550830,32679937,35809045,38938152,42067260,41904588,41741915,41741915
FIN_Industry_1,FIN,5000,D_FIN_RES,6963513,7913908,8181123,7890355,7510355,6690355,8010355,9330355,10650355,11970355,13290355,14610355,15930355,17250355,18570355,20983460,23396564,25809668,28222772,30635876,42142961,53517526,53527311,6952047,7899103,8163448,7890355,7510355,6690355,8010355,9330355,10650355,9071689,10127689,11183689,12239689,13295689,14351689,16282173,18212656,20143139,22073622,24004105,33209773,42309426,42317253,6952047,7899103,8163448,7890355,7510355,6690355,8010355,9330355,13650355,17970355,20490355,23010355,25530355,28050355,30570355,34183460,37796564,41409668,45022772,48635876,74809628,100850860,100860644
FIN_Transport_2,FIN,5000,D_FIN_RES,725128,784721,833592,819007,819007,819007,819007,819007,819007,819007,819007,819007,819007,819007,819007,819007,819007,819007,819007,819007,819007,819007,819007,723934,783253,831791,819007,819007,819007,819007,819007,819007,819007,819007,819007,819007,819007,819007,819007,819007,819007,819007,819007,819007,819007,819007,723934,783253,831791,819007,819007,819007,819007,819007,819007,819007,819007,819007,819007,819007,819007,819007,819007,819007,819007,819007,819007,819007,819007
FIN_Industry_2,FIN,5000,D_DEFAULT_Flat,33687540,32998020,33575340,33290760,33290760,33290760,33290760,33290760,33290760,33290760,33290760,33290760,33290760,33290760,33290760,33290760,33290760,33290760,33290760,33290760,33290760,33290760,33290760,33687540,32998020,33575340,33290760,33290760,33290760,33290760,33290760,33290760,33290760,33290760,33290760,33290760,33290760,33290760,33290760,33290760,33290760,33290760,33290760,33290760,33290760,33290760,33687540,32998020,33575340,33290760,33290760,33290760,33290760,33290760,33290760,33290760,33290760,33290760,33290760,33290760,33290760,33290760,33290760,33290760,33290760,33290760,33290760,33290760,33290760
FIN_Heating_2,FIN,5000,D_FIN_HEAT,381264,417893,419411,378804,628804,878804,1128804,1378804,1628804,1878804,2128804,2378804,2628804,2878804,3128804,3378804,3628804,3878804,4128804,4378804,3378804,2378804,2185054,380636,417111,418505,378804,628804,878804,1128804,1378804,1628804,1878804,2128804,2378804,2628804,2878804,3128804,3378804,3628804,3878804,4128804,4378804,3378804,2378804,2185054,380636,417111,418505,378804,628804,878804,1128804,1378804,2628804,3878804,4528804,5178804,5828804,6478804,7128804,7778804,8428804,9078804,9728804,10378804,9878804,9378804,9281929
FRA_Transport_1,FRA_EV,5000,D_DEFAULT_EV,160767,211117,264932,359318,1086341,1929929,2773517,3617105,4460693,5304281,7615481,9926681,12237881,14549081,16860281,20327081,23793881,27260681,30727481,34194281,47265218,57379261,65205314,159587,209453,262832,359318,1086341,1929929,2773517,3617105,4460693,5304281,7615481,9926681,12237881,14549081,16860281,20327081,23793881,27260681,30727481,34194281,47265218,57379261,65205314,159587,209453,262832,359318,1086341,1929929,2773517,3617105,7044945,10472786,14851389,19229991,23608593,27987195,32365797,38933700,45501604,52069507,58637410,65205314,76167474,82640519,86462788
FRA_Heating_1,FRA,5000,D_FRA_RES,3341,3048,3949,4346,4346,4346,4346,4346,4346,4346,4346,4346,4346,4346,4346,4346,4346,4346,4346,4346,4346,4346,4346,3317,3024,3918,4346,4346,4346,4346,4346,4346,4346,4346,4346,4346,4346,4346,4346,4346,4346,4346,4346,4346,4346,4346,3317,3024,3918,4346,4346,4346,4346,4346,4346,4346,4346,4346,4346,4346,4346,4346,4346,4346,4346,4346,4346,4346,4346
FRA_Households_and_services,FRA,5000,D_FRA_RES,343865328,342335233,340279921,335677007,335677007,333377007,331077007,328777007,326957959,325138912,323319864,321500817,319681769,317862721,316043674,311817007,307590340,303363673,299137007,294910340,300732562,306554785,312377007,341341753,339637051,337583094,335677007,335677007,333377007,331077007,328777007,326957959,325138912,323319864,321500817,319681769,317862721,316043674,311817007,307590340,303363673,299137007,294910340,280777007,273277007,265777007,341341753,339637051,337583094,335677007,335677007,333377007,331077007,328777007,326127007,323477007,319110340,314743674,310377007,306010340,301643674,299767007,297890340,296013673,294137007,292260340,282877007,288177007,293477007
FRA_Industry,FRA,5000,D_FRA_RES,133394485,132113384,133033421,131795640,128270640,132695640,133595640,134495640,135395640,136295640,137195640,138095640,138995640,139895640,140795640,141695640,142595640,143495640,144395640,145295640,149795640,162495640,175195640,132888824,131576608,132479323,131795640,128270640,132695640,133595640,134495640,134363140,134230640,134098140,133965640,134275640,134585640,134895640,135385640,135875640,136365640,136855640,137345640,139795640,151295640,156295640,132888824,131576608,132479323,131795640,128270640,132695640,133595640,134495640,135395640,136295640,137195640,138095640,138995640,139895640,140795640,142087140,143378640,144670140,145961640,147253140,153710640,168270640,182830640
FRA_Transport_2,FRA,5000,D_FRA_RES,11341324,11395243,10806918,10700687,10700687,10700687,10700687,10700687,10700687,10700687,10700687,10700687,10700687,10700687,10700687,10700687,10700687,10700687,10700687,10700687,10700687,10700687,10700687,11258092,11305430,10721270,10700687,10700687,10700687,10700687,10700687,10700687,10700687,10700687,10700687,10700687,10700687,10700687,10700687,10700687,10700687,10700687,10700687,10700687,10700687,10700687,11258092,11305430,10721270,10700687,10700687,10700687,10700687,10700687,10700687,10700687,10700687,10700687,10700687,10700687,10700687,10700687,10700687,10700687,10700687,10700687,10700687,10700687,10700687
FRA_Heating_2,FRA,5000,D_FRA_HEAT,29732,48080,70369,114286,1511831,2909377,4306922,5704468,7102013,8499559,9897104,11294650,12692195,14089741,15487286,17187286,18887286,20587286,22287286,23987286,32487286,34987286,37487286,29513,47701,69812,114286,1511831,2909377,4306922,5704468,7102013,8499559,9897104,11294650,12692195,14089741,15487286,17187286,18887286,20587286,22287286,23987286,32487286,34987286,37487286,29513,47701,69812,114286,1511831,2909377,4306922,5704468,7102013,8499559,9897104,11294650,12692195,14089741,15487286,17187286,18887286,20587286,22287286,23987286,32487286,34987286,37487286
GBR_Transport,GBR_EV,5000,D_DEFAULT_EV,0,0,257988,804271,1350553,1704668,2151631,2715788,3427866,4326650,5461096,6892993,8700332,10981555,13860913,19969730,26078548,32187365,38296183,44405000,55946794,70488544,88810000,0,0,0,804271,1350553,1704668,2151631,2715788,3414906,4307028,5432212,6851343,8641213,10898675,13745884,19770707,25795530,31820354,37845177,43870000,55272736,69639284,87740000,0,0,0,804271,1350553,1704668,2151631,2715788,3559742,4403695,5574717,7057135,8933754,11309400,14316773,20762418,27208064,33653709,40099355,46545000,58643025,73885582,93090000
GBR_Households_and_services,GBR,5000,D_GBR_RES,0,0,284189929,259839085,249454691,242504265,245449500,246081234,246712968,247344701,247976435,246697585,245418735,244139885,242861035,242907828,242954621,243001414,243048207,243095000,243587735,248448210,252134895,0,0,0,259839085,249454691,242504265,245449500,246081234,246712968,247344701,247976435,245697585,243418735,242139885,240861035,241348671,241836307,242323943,242811579,243299215,245689145,253681485,255837000,0,0,0,259839085,249454691,242504265,245449500,246081234,246712968,247344701,247976435,246697585,245418735,244139885,242861035,242907828,242954621,243001414,243048207,243095000,243587735,248583470,263942250
GBR_Industry,GBR,5000,D_GBR_RES,0,0,48735918,47459315,44950459,47070905,46702290,46486685,46172640,45836125,45450390,45053955,44648425,44234870,44025685,44009100,43992515,43975930,43959345,43942760,45191985,48204570,49903195,0,0,0,47459315,44950459,47070905,46702290,46486685,46172640,45836125,45450390,45053955,44648425,44234870,44025685,44009100,43992515,43975930,43959345,43942760,43859568,43776375,42297100,0,0,0,47459315,44950459,47070905,46702290,46486685,46172640,45836125,45450390,45053955,44648425,44234870,44025685,44009100,43992515,43975930,43959345,43942760,45191985,48538410,54901700
GBR_Heating,GBR,5000,D_GBR_HEAT,0,0,0,0,0,333840,671960,1320380,1934560,2692120,3432560,4100240,4696230,5364980,5834710,6990952,8147194,9303436,10459678,11615920,13513030,19180820,20967720,0,0,0,0,0,333840,671960,1320380,1449850,1853240,2230950,2765950,3312720,3886240,4373090,4946824,5520558,6094292,6668026,7241760,11750740,18329100,24318960,0,0,0,0,0,333840,671960,1320380,4368810,7417240,9403160,12198000,14625830,16827890,18680060,22008188,25336316,28664444,31992572,35320700,47815090,56142900,62196960
HUN_Transport_1,HUN_EV,5000,D_DEFAULT_EV,26664,26483,31832,47023,59114,66048,72981,79915,86848,93782,609469,1099371,1564778,2006914,2426944,2788015,3149086,3510158,3871229,4232301,5629251,6710185,7546591,26396,26248,31578,47023,59114,66048,72981,79915,86848,93782,609469,1099371,1564778,2006914,2426944,2788015,3149086,3510158,3871229,4232301,5629251,6710185,7546591,26396,26248,31578,47023,59114,66048,72981,79915,86848,93782,1081964,1956152,2786630,3575584,4325090,4969390,5613690,6257990,6902290,7546591,8718167,9409970,9818474
HUN_Heating,HUN,5000,D_HUN_RES,0,0,0,25152,25152,25152,25152,25152,25152,25152,25152,25152,25152,25152,25152,25152,25152,25152,25152,25152,25152,25152,25152,0,0,0,25152,25152,25152,25152,25152,25152,25152,25152,25152,25152,25152,25152,25152,25152,25152,25152,25152,25152,25152,25152,0,0,0,25152,25152,25152,25152,25152,25152,25152,25152,25152,25152,25152,25152,25152,25152,25152,25152,25152,25152,25152,25152
HUN_Households_and_services,HUN,5000,D_HUN_RES,22189801,22675792,23025634,23260873,23260873,23420873,23580873,23740873,23900873,24060873,24220873,24380873,24540873,24700873,24860873,24730873,24600873,24470873,24340873,24210873,23560873,23263422,23192835,21966591,22474700,22841541,23260873,23260873,23420873,23580873,23740873,23900873,24060873,24220873,24380873,24540873,24700873,24860873,24730873,24600873,24470873,24340873,24210873,23560873,23263422,23192835,21966591,22474700,22841541,23260873,23260873,23420873,23580873,23740873,23900873,24060873,24220873,24380873,24540873,24700873,24860873,24730873,24600873,24470873,24340873,24210873,23560873,23263422,23192835
HUN_Industry,HUN,5000,D_HUN_RES,18330564,19094246,19593489,20099717,19666207,20139717,20179717,20219717,20259717,20299717,20339717,20379717,20419717,20459717,20499717,20507717,20515717,20523717,20531717,20539717,20579717,20598022,20602365,18222932,18994865,19500552,20099717,19666207,20139717,20179717,20219717,20080717,20112717,20144717,20176717,20208717,20240717,20272717,20279117,20285517,20291917,20298317,20304717,20336717,20351361,20354836,18222932,18994865,19500552,20099717,19666207,20139717,20179717,20219717,20259717,20299717,20339717,20379717,20419717,20459717,20499717,20507717,20515717,20523717,20531717,20539717,20579717,20598022,20602365
HUN_Transport_2,HUN,5000,D_HUN_RES,1280971,1306479,1293045,1265236,1265236,1265236,1265236,1265236,1265236,1265236,1265236,1265236,1265236,1265236,1265236,1265236,1265236,1265236,1265236,1265236,1265236,1265236,1265236,1268086,1294893,1282707,1265236,1265236,1265236,1265236,1265236,1265236,1265236,1265236,1265236,1265236,1265236,1265236,1265236,1265236,1265236,1265236,1265236,1265236,1265236,1265236,1268086,1294893,1282707,1265236,1265236,1265236,1265236,1265236,1265236,1265236,1265236,1265236,1265236,1265236,1265236,1265236,1265236,1265236,1265236,1265236,1265236,1265236,1265236
IRL_Transport,IRL_EV,5000,D_DEFAULT_EV,0,0,12604,104683,186102,334580,483058,643166,814906,975013,1437076,1899136,2535660,3265230,4239047,4908026,5577004,6245983,6914961,7583940,10683505,11224539,11296236,0,0,0,104683,186102,334580,483058,643166,907803,1172439,1437076,1899136,2535660,3265230,4239047,4908026,5577004,6245983,6914961,7583940,10683505,11224539,11296236,0,0,0,104683,186102,334580,483058,643166,1025859,1408551,2066623,2724691,3626590,4658529,6031826,6984785,7937744,8890702,9843661,10796620,11936248,12067021,12093690
IRL_Heating,IRL,5000,D_GBR_HEAT,0,0,0,0,0,50183,171106,509336,867717,1257815,1593357,1940386,2283900,2609366,2946150,3237029,3527907,3818786,4109664,4400543,5817755,6827519,7630263,0,0,0,0,0,50183,171106,509336,870676,1232017,1593357,1940386,2283900,2609366,2946150,3237029,3527907,3818786,4109664,4400543,5817755,6827519,7630263,0,0,0,0,0,50183,171106,509336,883576,1257815,1593357,1940386,2283900,2609366,2946150,3237029,3527907,3818786,4109664,4400543,5817755,6827519,7630263
IRL_Households_and_services,IRL,5000,D_IRL_RES,0,0,24492562,30062370,29966949,29611266,29135932,28560514,28223281,28027354,27660074,27700171,27903109,28223617,28650667,29699598,30748529,31797461,32846392,33895323,40092394,42866498,43175390,0,0,0,30062370,29966949,29611266,29135932,28560514,28260367,27960221,27660074,27666755,27754856,27901743,28101900,28588151,29074402,29560653,30046904,30533155,33440617,34598603,34523981,0,0,0,30062370,29966949,29611266,29135932,28560514,28293934,28027354,27660074,27700171,27903109,28223617,28650667,29699598,30748529,31797461,32846392,33895323,40092394,42866498,43175390
IRL_Industry,IRL,5000,D_IRL_RES,0,0,5003117,8086683,8612242,9816163,10723514,11491837,12163298,12697326,13391986,13910504,14332939,14703357,15084280,15264424,15444568,15624713,15804857,15985001,16303160,16459417,16582869,0,0,0,8086683,8612242,9816163,10723514,11491837,11284779,11077722,10870664,11088442,11265865,11421440,11581428,11657089,11732749,11808410,11884070,11959731,12093357,12158985,12210835,0,0,0,8086683,8612242,9816163,10723514,11491837,13281627,15071416,16217605,17073160,17770178,18381368,19009891,19307129,19604367,19901605,20198843,20496081,21021042,21278867,21482562
ITA_CALA_Total,ITA_CALA,5000,D_ITASUD_RES,0,0,0,0,0,6227043,6226337,6225632,6224926,6223515,6192004,6160493,6128982,6097471,6065960,6121762,6177564,6233366,6289168,6344971,6641243,6875505,7016023,0,0,0,0,0,6227043,6226337,6225632,6179098,6132564,6088689,6044814,6000939,5957064,5913189,5951936,5990683,6029430,6068177,6106924,6300659,6492232,6588004,0,0,0,0,0,6227043,6226337,6225632,6320152,6362943,6355678,6348414,6341149,6333885,6326620,6392762,6458905,6525047,6591189,6657331,7005305,7352096,7507556
ITA_CNOR_Total,ITA_CNOR,5000,D_ITACNOR_RES,0,0,0,0,0,27954735,28462833,28970931,29479028,30495224,30313151,30131078,29949004,29766931,29584858,29857015,30129173,30401331,30673488,30945646,32390626,33533163,34218497,0,0,0,0,0,27954735,28462833,28970931,29479028,30049564,29807604,29565644,29323684,29081724,28839764,29028740,29217717,29406693,29595670,29784647,30729529,31663869,32130966,0,0,0,0,0,27954735,28462833,28970931,29940884,31178419,31113965,31049511,30985056,30920602,30856148,31178736,31501324,31823913,32146501,32469089,34166222,35857593,36615799
ITA_CSUD_Total,ITA_CSUD,5000,D_ITACSUD_RES,0,0,0,0,0,55061849,55314042,55566234,55818427,56322812,57275306,58227800,59180294,60132788,61085282,61647219,62209156,62771093,63333030,63894967,66878486,69237537,70652579,0,0,0,0,0,55061849,55314042,55566234,55532970,55499705,56309134,57118563,57927992,58737421,59546850,59937039,60327228,60717417,61107606,61497795,63448740,65377916,66342354,0,0,0,0,0,55061849,55314042,55566234,56677822,57584631,58809740,60034849,61259958,62485067,63710176,64376239,65042303,65708367,66374430,67040494,70544646,74036901,75602405
ITA_NORD_Total,ITA_NORD,5000,D_ITANORD_RES,0,0,0,0,0,181444033,182931963,184419894,185907824,188883685,190886875,192890065,194893256,196896446,198899637,200729358,202559080,204388802,206218524,208048246,217762875,225444176,230051691,0,0,0,0,0,181444033,182931963,184419894,185271607,186123320,187676727,189230134,190783541,192336947,193890354,195160848,196431341,197701835,198972328,200242822,206595288,212876872,216017178,0,0,0,0,0,181444033,182931963,184419894,188783917,193115310,195981557,198847805,201714052,204580300,207446548,209615316,211784084,213952852,216121620,218290388,229700249,241071372,246168805
ITA_SARD_Total,ITA_SARD,5000,D_ITASARD_RES,0,0,0,0,0,9328390,9371257,9414123,9456990,9542723,9869006,10195289,10521571,10847854,11174137,11276930,11379724,11482517,11585310,11688104,12233869,12665403,12924252,0,0,0,0,0,9328390,9371257,9414123,9408694,9403265,9701155,9999046,10296936,10594826,10892717,10964093,11035469,11106845,11178221,11249597,11606477,11959375,12135796,0,0,0,0,0,9328390,9371257,9414123,9602595,9756512,10136070,10515627,10895185,11274743,11654300,11776141,11897982,12019823,12141664,12263505,12904508,13543335,13829708
ITA_SICI_Total,ITA_SICI,5000,D_ITASICI_RES,0,0,0,0,0,20224193,20286874,20349556,20412237,20537600,20495337,20453075,20410812,20368550,20326287,20513273,20700259,20887245,21074231,21261217,22253991,23038971,23509830,0,0,0,0,0,20224193,20286874,20349556,20293509,20237461,20152843,20068225,19983607,19898988,19814370,19944206,20074043,20203879,20333716,20463552,21112734,21754672,22075592,0,0,0,0,0,20224193,20286874,20349556,20725880,20997711,21038114,21078517,21118921,21159324,21199727,21421362,21642996,21864631,22086265,22307899,23473915,24635972,25156898
ITA_SUD_Total,ITA_SUD,5000,D_ITASUD_RES,0,0,0,0,0,24845779,24876180,24906582,24936983,24997786,24850997,24704208,24557418,24410629,24263840,24487049,24710257,24933465,25156674,25379882,26564973,27502018,28064091,0,0,0,0,0,24845779,24876180,24906582,24769524,24632466,24436524,24240582,24044640,23848698,23652756,23807744,23962732,24117720,24272708,24427696,25202635,25968928,26352015,0,0,0,0,0,24845779,24876180,24906582,25319166,25557820,25507552,25457284,25407016,25356749,25306481,25571050,25835619,26100187,26364756,26629325,28021218,29408386,30030223
LTU_Transport_1,LTU_EV,5000,D_DEFAULT_EV,39573,39943,40223,40759,42655,204782,366909,529036,691163,853290,1015417,1177544,1339671,1501798,1663925,1718093,1772262,1826430,1880599,1934768,2205612,2638962,3072312,39247,39626,39911,40759,42655,204782,366909,529036,691163,853290,1015417,1177544,1339671,1501798,1663925,1718093,1772262,1826430,1880599,1934768,2205612,2638962,3072312,39247,39626,39911,40759,42655,204782,366909,529036,1081178,1340809,1600439,1860070,2119701,2379331,2638962,2725632,2812302,2898972,2985642,3072312,3505662,3939012,4372362
LTU_Heating_1,LTU,5000,D_LTU_HEAT,0,0,0,0,40000,53828,67656,81484,95312,109140,122968,136796,150624,164452,178280,178280,178280,178280,178280,178280,178280,178280,178280,0,0,0,0,40000,53828,67656,81484,95312,109140,122968,136796,150624,164452,178280,178280,178280,178280,178280,178280,178280,178280,178280,0,0,0,0,40000,53828,67656,81484,138968,163710,188452,213194,237936,262678,287420,287420,287420,287420,287420,287420,287420,287420,287420
LTU_Heating_2,LTU,5000,D_LTU_RES,3298,2963,2959,2942,2942,2942,2942,2942,2942,2942,2942,2942,2942,2942,2942,2942,2942,2942,2942,2942,2942,2942,2942,3271,2939,2936,2942,2942,2942,2942,2942,2942,2942,2942,2942,2942,2942,2942,2942,2942,2942,2942,2942,2942,2942,2942,3271,2939,2936,2942,2942,2942,2942,2942,2942,2942,2942,2942,2942,2942,2942,2942,2942,2942,2942,2942,2942,2942,2942
LTU_Households_and_services,LTU,5000,D_LTU_RES,6882370,6967695,7269476,7268536,7268536,7186360,7104184,7022008,6939832,6857656,6775480,6693304,6611128,6528952,6446776,6477592,6508408,6539224,6570040,6600856,6754936,6825446,6842178,6825785,6912355,7213206,7268536,7268536,7186360,7104184,7022008,6939832,6857656,6775480,6693304,6611128,6528952,6446776,6477592,6508408,6539224,6570040,6600856,6754936,6825446,6842178,6825785,6912355,7213206,7268536,7268536,7186360,7104184,7022008,6939832,6857656,6775480,6693304,6611128,6528952,6446776,6477592,6508408,6539224,6570040,6600856,6754936,6825446,6842178
LTU_Industry,LTU,5000,D_LTU_RES,4571187,4822009,4860605,4942162,4822162,4921618,4901074,4880530,4859986,4839442,4818898,4798354,4777810,4757266,4736722,4744426,4752130,4759834,4767538,4775242,4813762,4831389,4835572,4549252,4799728,4838445,4942162,4822162,4921618,4901074,4880530,4859986,4839442,4818898,4798354,4777810,4757266,4736722,4744426,4752130,4759834,4767538,4775242,4813762,4831389,4835572,4549252,4799728,4838445,4942162,4822162,4921618,4901074,4880530,4935986,4934442,4932898,4931354,4929810,4928266,4926722,4934426,4942130,4949834,4957538,4965242,5003762,5021389,5025572
LTU_Transport_2,LTU,5000,D_LTU_RES,39573,41589,47237,43701,43701,43701,43701,43701,43701,43701,43701,43701,43701,43701,43701,43701,43701,43701,43701,43701,43701,43701,43701,39247,41259,46871,43701,43701,43701,43701,43701,43701,43701,43701,43701,43701,43701,43701,43701,43701,43701,43701,43701,43701,43701,43701,39247,41259,46871,43701,43701,43701,43701,43701,43701,43701,43701,43701,43701,43701,43701,43701,43701,43701,43701,43701,43701,43701,43701
LVA_Transport_1,LVA_EV,5000,D_DEFAULT_EV,29060,29697,30475,28470,37037,85736,134436,183136,231836,280536,329236,377936,426636,475336,524036,574036,624036,674036,724036,774036,1024036,1281442,1480617,28913,29545,30342,28470,37037,85736,134436,183136,231836,280536,329236,377936,426636,475336,524036,574036,624036,674036,724036,774036,1024036,1281442,1480617,28913,29545,30342,28470,37037,85736,134436,183136,427607,522187,616768,711348,805929,900510,995090,1092196,1189301,1286406,1383512,1480617,1759608,1924349,2021627
LVA_Heating,LVA,5000,D_LVA_RES,2153,1849,1849,1564,1564,1564,1564,1564,1564,1564,1564,1564,1564,1564,1564,1564,1564,1564,1564,1564,1564,1564,1564,2142,1839,1841,1564,1564,1564,1564,1564,1564,1564,1564,1564,1564,1564,1564,1564,1564,1564,1564,1564,1564,1564,1564,2142,1839,1841,1564,1564,1564,1564,1564,1564,1564,1564,1564,1564,1564,1564,1564,1564,1564,1564,1564,1564,1564,1564
LVA_Households_and_services,LVA,5000,D_LVA_RES,5069326,4971154,5048987,5005474,5005474,4978474,4951474,4924474,4897474,4870474,4843474,4816474,4789474,4762474,4735474,4817474,4899474,4981474,5063474,5145474,5555474,5743097,5787621,5043759,4945860,5026988,5005474,5005474,4978474,4951474,4924474,4897474,4870474,4843474,4816474,4789474,4762474,4735474,4817474,4899474,4981474,5063474,5145474,5555474,5743097,5787621,5043759,4945860,5026988,5005474,5005474,4978474,4951474,4924474,4969474,4960474,4951474,4942474,4933474,4924474,4915474,4997474,5079474,5161474,5243474,5325474,5735474,5923097,5967621
LVA_Industry,LVA,5000,D_LVA_RES,1775093,1875024,1950420,1950826,1930826,1947826,1944826,1941826,1938826,1935826,1932826,1929826,1926826,1923826,1920826,1926926,1933026,1939126,1945226,1951326,1981826,1995783,1999095,1767885,1867563,1943801,1950826,1930826,1947826,1944826,1941826,1938826,1935826,1932826,1929826,1926826,1923826,1920826,1926926,1933026,1939126,1945226,1951326,1981826,1995783,1999095,1767885,1867563,1943801,1950826,1930826,1947826,1944826,1941826,1946826,1945826,1944826,1943826,1942826,1941826,1940826,1946926,1953026,1959126,1965226,1971326,2001826,2015783,2019095
LVA_Transport_2,LVA,5000,D_LVA_RES,83951,82971,80381,79050,79050,79050,79050,79050,79050,79050,79050,79050,79050,79050,79050,79050,79050,79050,79050,79050,79050,79050,79050,83527,82549,80031,79050,79050,79050,79050,79050,79050,79050,79050,79050,79050,79050,79050,79050,79050,79050,79050,79050,79050,79050,79050,83527,82549,80031,79050,79050,79050,79050,79050,79050,79050,79050,79050,79050,79050,79050,79050,79050,79050,79050,79050,79050,79050,79050
NLD_Transport_1,NLD_EV,5000,D_DEFAULT_EV,225532,296604,407189,561256,908825,1244825,1580825,1916825,2252825,2588825,2928825,3268825,3608825,3948825,4288825,5155434,6022043,6888652,7755261,8621870,11974698,14569052,16576514,224826,295705,406053,561256,908825,1244825,1580825,1916825,2252825,2588825,2928825,3268825,3608825,3948825,4288825,5155434,6022043,6888652,7755261,8621870,11974698,14569052,16576514,224826,295705,406053,561256,908825,1244825,1580825,1916825,3335947,4755069,5421282,6087495,6753707,7419920,8086133,9784209,11482286,13180362,14878438,16576514,19388419,21048821,22029271
NLD_Heating,NLD,5000,D_NLD_HEAT,0,0,0,0,311109,540291,769473,998655,1227837,1457019,1899036,2341053,2783070,3225087,3667104,3667104,3667104,3667104,3667104,3667104,3667104,3667104,3667104,0,0,0,0,311109,540291,769473,998655,1227837,1457019,1899036,2341053,2783070,3225087,3667104,3667104,3667104,3667104,3667104,3667104,3667104,3667104,3667104,0,0,0,0,311109,540291,769473,998655,1227837,1457019,1899036,2341053,2783070,3225087,3667104,3667104,3667104,3667104,3667104,3667104,3667104,3667104,3667104
NLD_Households_and_services,NLD,5000,D_NLD_RES,71787191,72881063,74790476,75259077,76029077,75549113,75069149,74589186,74109222,73629258,73303241,72977224,72651207,72325190,71999173,71440564,70881955,70323346,69764737,69206128,68583300,68417392,68251484,71562572,72660100,74581685,75259077,76029077,75549113,75069149,74589186,74025222,73524258,73216241,72908224,72600207,72292190,71984173,71107564,70230955,69354346,68477737,67601128,65388300,67122392,68856484,71562572,72660100,74581685,75259077,76029077,75549113,75069149,74589186,73807395,73025604,72578856,72132109,71685361,71238613,70791865,69499115,68206365,66913614,65620864,64328114,60034579,57979153,55923727
NLD_Industry,NLD,5000,D_NLD_RES,42712500,42642605,43202589,42423526,39923526,41126526,40879526,40632526,40385526,40138526,40242526,40346526,40450526,40554526,40658526,41230526,41802526,42374526,42946526,43518526,48588526,52553526,56518526,42664006,42595572,43158794,42423526,39923526,41126526,40879526,40632526,40317926,40120326,40203526,40286726,40369926,40453126,40536326,40993926,41451526,41909126,42366726,42824326,46880326,50052326,53224326,42664006,42595572,43158794,42423526,39923526,41126526,40879526,40632526,41588026,42543526,43128526,43713526,44298526,44883526,45468526,46723026,47977526,49232026,50486526,51741026,60223526,68608526,76993526
NLD_Transport_2,NLD,5000,D_NLD_RES,1717714,1654054,1704495,1707216,1707216,1707216,1707216,1707216,1707216,1707216,1707216,1707216,1707216,1707216,1707216,1707216,1707216,1707216,1707216,1707216,1707216,1707216,1707216,1712340,1649039,1699737,1707216,1707216,1707216,1707216,1707216,1707216,1707216,1707216,1707216,1707216,1707216,1707216,1707216,1707216,1707216,1707216,1707216,1707216,1707216,1707216,1712340,1649039,1699737,1707216,1707216,1707216,1707216,1707216,1707216,1707216,1707216,1707216,1707216,1707216,1707216,1707216,1707216,1707216,1707216,1707216,1707216,1707216,1707216
NO1_Transport_1,NO1_EV,5000,D_DEFAULT_EV,0,0,0,0,444472,640100,802110,969677,1140270,1316939,1501206,1689595,1878967,2071671,2269573,2455662,2631024,2791255,2935689,3062635,3472841,3644563,3580915,0,0,0,0,444472,640100,802110,969677,1140270,1316939,1501206,1689595,1878967,2071671,2269573,2455662,2631024,2791255,2935689,3062635,3472841,3644563,3580915,0,0,0,0,444472,640100,802110,969677,1140270,1316939,1501206,1689595,1878967,2071671,2269573,2455662,2631024,2791255,2935689,3062635,3472841,3644563,3580915
NO1_Industry_1,NO1,5000,D_DEFAULT_Flat,0,0,0,2694433,2622213,2657954,2693695,2814320,2862123,3215926,3263730,3311533,3359336,3407140,3454943,3553364,3651785,3750206,3800824,3851441,3851441,3896285,3941129,0,0,0,2694433,2622213,2657954,2693695,2814320,2862123,3215926,3263730,3311533,3359336,3407140,3454943,3553364,3651785,3750206,3800824,3851441,3851441,3851441,3851441,0,0,0,2694433,2622213,2657954,2693695,2814320,2862123,3215926,3263730,3311533,3359336,3407140,3454943,3553364,3651785,3750206,3800824,3851441,3851441,3941129,4030817
NO1_Households_and_services,NO1,5000,D_NO1_NONIND,0,0,0,29948868,29924442,29903703,29886653,29873291,29863620,29857641,29855356,29856767,29861879,29870695,29883219,29899455,29919409,29943086,29970493,30001635,30213657,30520361,30923140,0,0,0,29948868,29924442,29903703,29886653,29873291,29863620,29857641,29855356,29856767,29861879,29870695,29883219,29899455,29919409,29943086,29970493,30001635,30213657,30520361,30923140,0,0,0,29948868,29924442,29903703,29886653,29873291,29863620,29857641,29855356,29856767,29861879,29870695,29883219,29899455,29919409,29943086,29970493,30001635,30213657,30520361,30923140
NO1_Industry_2,NO1,5000,D_NO1_NONIND,0,0,0,3107043,3107043,3107043,3107043,3107043,3107043,3107043,3107043,3107043,3107043,3107043,3107043,3107043,3107043,3107043,3107043,3107043,3107043,3107043,3107043,0,0,0,3107043,3107043,3107043,3107043,3107043,3107043,3107043,3107043,3107043,3107043,3107043,3107043,3107043,3107043,3107043,3107043,3107043,3107043,3107043,3107043,0,0,0,3107043,3107043,3107043,3107043,3107043,3107043,3107043,3107043,3107043,3107043,3107043,3107043,3107043,3107043,3107043,3107043,3107043,3107043,3107043,3107043
NO1_Transport_2,NO1,5000,D_NO1_NONIND,0,0,0,0,385087,480405,584036,704903,833520,969632,1123391,1289036,1459097,1631819,1805724,1913459,2022322,2136167,2249041,2359624,2880606,3257731,3502622,0,0,0,0,385087,480405,584036,704903,833520,969632,1123391,1289036,1459097,1631819,1805724,1913459,2022322,2136167,2249041,2359624,2880606,3257731,3502622,0,0,0,0,385087,480405,584036,704903,833520,969632,1123391,1289036,1459097,1631819,1805724,1913459,2022322,2136167,2249041,2359624,2880606,3257731,3502622
NO2_Transport_1,NO2_EV,5000,D_DEFAULT_EV,0,0,0,0,196868,285589,360497,439014,520060,605086,694877,787912,882780,980627,1082401,1180009,1273873,1361750,1443166,1517128,1788155,1952051,1996738,0,0,0,0,196868,285589,360497,439014,520060,605086,694877,787912,882780,980627,1082401,1180009,1273873,1361750,1443166,1517128,1788155,1952051,1996738,0,0,0,0,196868,285589,360497,439014,520060,605086,694877,787912,882780,980627,1082401,1180009,1273873,1361750,1443166,1517128,1788155,1952051,1996738
NO2_Industry_1,NO2,5000,D_DEFAULT_Flat,0,0,0,14623206,14670541,14972565,15220468,15969792,17539814,20245711,22343182,23149962,23675203,24200444,24984519,25909273,26681228,27123926,27569501,27975028,29806909,30058672,29870404,0,0,0,14623206,14670541,14972565,15220468,15969792,17199134,19607191,20513302,21320082,21845323,22370564,22895805,23544801,23988736,24432669,24876604,25320539,27159293,27561377,27561377,0,0,0,14623206,14670541,14972565,15220468,15969792,17567330,20347966,22794378,24349203,24818131,25139857,25580645,26195598,26680760,27123791,27569463,27975018,29806909,30298246,30349552
NO2_Households_and_services,NO2,5000,D_NO2_NONIND,0,0,0,17461351,17434918,17410453,17387956,17367425,17348862,17332267,17317640,17304982,17294295,17285579,17278836,17274070,17271280,17270471,17271646,17274806,17320522,17416505,17563448,0,0,0,17461351,17434918,17410453,17387956,17367425,17348862,17332267,17317640,17304982,17294295,17285579,17278836,17274070,17271280,17270471,17271646,17274806,17320522,17416505,17563448,0,0,0,17461351,17434918,17410453,17387956,17367425,17348862,17332267,17317640,17304982,17294295,17285579,17278836,17274070,17271280,17270471,17271646,17274806,17320522,17416505,17563448
NO2_Industry_2,NO2,5000,D_NO2_NONIND,0,0,0,3106947,3106947,3106947,3106947,3106947,3106947,3106947,3106947,3106947,3106947,3106947,3106947,3106947,3106947,3106947,3106947,3106947,3106947,3106947,3106947,0,0,0,3106947,3106947,3106947,3106947,3106947,3106947,3106947,3106947,3106947,3106947,3106947,3106947,3106947,3106947,3106947,3106947,3106947,3106947,3106947,3106947,0,0,0,3106947,3106947,3106947,3106947,3106947,3106947,3106947,3106947,3106947,3106947,3106947,3106947,3106947,3106947,3106947,3106947,3106947,3106947,3106947,3106947
NO2_Transport_2,NO2,5000,D_NO2_NONIND,0,0,0,0,151628,198352,244441,292903,343522,396513,453743,514720,578382,644538,713061,749829,788507,830010,873013,917185,1156642,1396356,1630508,0,0,0,0,151628,198352,244441,292903,343522,396513,453743,514720,578382,644538,713061,749829,788507,830010,873013,917185,1156642,1396356,1630508,0,0,0,0,151628,198352,244441,292903,343522,396513,453743,514720,578382,644538,713061,749829,788507,830010,873013,917185,1156642,1396356,1630508
NO3_Transport_1,NO3_EV,5000,D_DEFAULT_EV,0,0,0,0,91411,134491,172137,212503,255123,300763,349889,401810,455854,512647,572742,631872,690179,746356,800021,850490,1057570,1213542,1300560,0,0,0,0,91411,134491,172137,212503,255123,300763,349889,401810,455854,512647,572742,631872,690179,746356,800021,850490,1057570,1213542,1300560,0,0,0,0,91411,134491,172137,212503,255123,300763,349889,401810,455854,512647,572742,631872,690179,746356,800021,850490,1057570,1213542,1300560
NO3_Industry_1,NO3,5000,D_DEFAULT_Flat,0,0,0,12838115,14067862,14636711,14761716,14656868,14581468,14862718,15410009,15315786,17267922,17227362,17556258,17893996,18192688,18086011,18024336,17948382,17436538,17306378,17390050,0,0,0,12838115,14067862,14636711,14761716,14656868,14581468,14862718,15410009,15315786,17267922,17227362,17234106,17228630,17199500,17176284,17200371,17242199,17077465,16923726,16923726,0,0,0,12838115,14067862,14636711,14761716,14656868,14594017,14908762,15612531,15732301,17572909,18061237,18200263,18222077,18191674,18085720,18024254,17948361,17436538,17539541,17856375
NO3_Households_and_services,NO3,5000,D_NO3_NONIND,0,0,0,11553117,11530603,11509473,11489729,11471368,11454391,11438799,11424592,11411770,11400334,11390285,11381624,11374353,11368473,11363986,11360894,11359199,11371765,11419691,11503469,0,0,0,11553117,11530603,11509473,11489729,11471368,11454391,11438799,11424592,11411770,11400334,11390285,11381624,11374353,11368473,11363986,11360894,11359199,11371765,11419691,11503469,0,0,0,11553117,11530603,11509473,11489729,11471368,11454391,11438799,11424592,11411770,11400334,11390285,11381624,11374353,11368473,11363986,11360894,11359199,11371765,11419691,11503469
NO3_Industry_2,NO3,5000,D_NO3_NONIND,0,0,0,1881728,1881728,1881728,1881728,1881728,1881728,1881728,1881728,1881728,1881728,1881728,1881728,1881728,1881728,1881728,1881728,1881728,1881728,1881728,1881728,0,0,0,1881728,1881728,1881728,1881728,1881728,1881728,1881728,1881728,1881728,1881728,1881728,1881728,1881728,1881728,1881728,1881728,1881728,1881728,1881728,1881728,0,0,0,1881728,1881728,1881728,1881728,1881728,1881728,1881728,1881728,1881728,1881728,1881728,1881728,1881728,1881728,1881728,1881728,1881728,1881728,1881728,1881728
NO3_Transport_2,NO3,5000,D_NO3_NONIND,0,0,0,0,82034,107227,140081,176148,214147,254181,297633,344081,392727,443335,495609,525670,557110,590507,625022,660322,847095,1026892,1190515,0,0,0,0,82034,107227,140081,176148,214147,254181,297633,344081,392727,443335,495609,525670,557110,590507,625022,660322,847095,1026892,1190515,0,0,0,0,82034,107227,140081,176148,214147,254181,297633,344081,392727,443335,495609,525670,557110,590507,625022,660322,847095,1026892,1190515
NO4_Transport_1,NO4_EV,5000,D_DEFAULT_EV,0,0,0,0,28582,43922,58536,75037,93316,113701,136440,161334,188153,217188,248723,280919,313766,346592,379117,410906,556299,684357,777352,0,0,0,0,28582,43922,58536,75037,93316,113701,136440,161334,188153,217188,248723,280919,313766,346592,379117,410906,556299,684357,777352,0,0,0,0,28582,43922,58536,75037,93316,113701,136440,161334,188153,217188,248723,280919,313766,346592,379117,410906,556299,684357,777352
NO4_Industry_1,NO4,5000,D_DEFAULT_Flat,0,0,0,8798346,8151411,9552752,9552752,9775994,10460695,11286723,11679729,12715436,13868040,14173020,14522547,14602314,14686990,14714923,14743052,14765195,14593811,14674266,14753643,0,0,0,8798346,8151411,9552752,9552752,9775994,10460695,11286723,11679729,12715436,13868040,14173020,14478000,14510308,14542616,14574924,14607231,14639540,14486540,14486540,14486540,0,0,0,8798346,8151411,9552752,9552752,9775994,10470589,11323024,11839398,13043816,14108492,14347827,14628979,14652700,14687650,14715113,14743105,14765209,14593811,14807818,15020746
NO4_Households_and_services,NO4,5000,D_NO4_NONIND,0,0,0,9434212,9408143,9383200,9359380,9336686,9315115,9294669,9275347,9257150,9240079,9224135,9209317,9195628,9183069,9171640,9161345,9152183,9123461,9123449,9152551,0,0,0,9434212,9408143,9383200,9359380,9336686,9315115,9294669,9275347,9257150,9240079,9224135,9209317,9195628,9183069,9171640,9161345,9152183,9123461,9123449,9152551,0,0,0,9434212,9408143,9383200,9359380,9336686,9315115,9294669,9275347,9257150,9240079,9224135,9209317,9195628,9183069,9171640,9161345,9152183,9123461,9123449,9152551
NO4_Industry_2,NO4,5000,D_NO4_NONIND,0,0,0,896390,896390,896390,896390,896390,896390,896390,896390,896390,896390,896390,896390,896390,896390,896390,896390,896390,896390,896390,896390,0,0,0,896390,896390,896390,896390,896390,896390,896390,896390,896390,896390,896390,896390,896390,896390,896390,896390,896390,896390,896390,896390,0,0,0,896390,896390,896390,896390,896390,896390,896390,896390,896390,896390,896390,896390,896390,896390,896390,896390,896390,896390,896390,896390
NO4_Transport_2,NO4,5000,D_NO4_NONIND,0,0,0,0,1325,19394,38153,58239,79583,102278,127064,153756,181971,211643,242736,258816,275868,294272,313535,333543,445176,563274,684282,0,0,0,0,1325,19394,38153,58239,79583,102278,127064,153756,181971,211643,242736,258816,275868,294272,313535,333543,445176,563274,684282,0,0,0,0,1325,19394,38153,58239,79583,102278,127064,153756,181971,211643,242736,258816,275868,294272,313535,333543,445176,563274,684282
NO5_Transport_1,NO5_EV,5000,D_DEFAULT_EV,0,0,0,0,111281,159208,198171,237942,277868,318660,360644,402941,444773,486677,529057,567938,603622,635155,662460,685239,742583,740981,688044,0,0,0,0,111281,159208,198171,237942,277868,318660,360644,402941,444773,486677,529057,567938,603622,635155,662460,685239,742583,740981,688044,0,0,0,0,111281,159208,198171,237942,277868,318660,360644,402941,444773,486677,529057,567938,603622,635155,662460,685239,742583,740981,688044
NO5_Industry,NO5,5000,D_DEFAULT_Flat,0,0,0,8149000,8397313,8397313,8397313,8558879,9066752,10935386,10916379,12122863,12186613,12250363,12989174,13754518,14593535,14561320,14532031,14410055,14193335,13481062,12747723,0,0,0,8149000,8397313,8397313,8397313,8558879,9066752,10935386,10916379,12122863,12186613,12250363,12314113,12345088,12376062,12407037,12438012,12468986,12519986,12519986,12519986,0,0,0,8149000,8397313,8397313,8397313,8558879,9118793,11158787,12040992,14763379,14947011,14615149,14519012,14497325,14594357,14561556,14532098,14410072,14193335,13594931,12975460
NO5_Households_and_services,NO5,5000,D_NO5_NONIND,0,0,0,7206856,7193212,7180388,7168384,7157199,7146833,7137286,7128559,7120652,7113565,7107299,7101854,7097232,7093434,7090459,7088310,7086987,7092827,7119587,7167557,0,0,0,7206856,7193212,7180388,7168384,7157199,7146833,7137286,7128559,7120652,7113565,7107299,7101854,7097232,7093434,7090459,7088310,7086987,7092827,7119587,7167557,0,0,0,7206856,7193212,7180388,7168384,7157199,7146833,7137286,7128559,7120652,7113565,7107299,7101854,7097232,7093434,7090459,7088310,7086987,7092827,7119587,7167557
NO5_Transport_2,NO5,5000,D_NO5_NONIND,0,0,0,0,86231,118036,148596,180810,213347,246241,280436,315563,350989,386652,422444,436277,450433,465314,480277,495181,569392,632431,684776,0,0,0,0,86231,118036,148596,180810,213347,246241,280436,315563,350989,386652,422444,436277,450433,465314,480277,495181,569392,632431,684776,0,0,0,0,86231,118036,148596,180810,213347,246241,280436,315563,350989,386652,422444,436277,450433,465314,480277,495181,569392,632431,684776
POL_Transport_1,POL_EV,5000,D_DEFAULT_EV,26963,28678,30102,35095,99208,163321,469555,998242,1527076,2320248,2829868,6065548,9139444,12059645,14833836,17218621,19603406,21988190,24372975,26757760,35984264,43123558,48647807,26818,28510,29972,35095,99208,163321,469555,998242,1659245,2320248,2829868,6065548,9139444,12059645,14833836,17218621,19603406,21988190,24372975,26757760,35984264,43123558,48647807,26818,28510,29972,35095,99208,163321,469555,998242,2630364,4262485,5188096,11064991,16648042,21951940,26990643,31322076,35653509,39984941,44316374,48647807,56385769,60954958,63653019
POL_Heating,POL,5000,D_POL_HEAT,539,649,578,356,356,356,356,356,356,356,356,356,356,356,356,356,356,356,356,356,356,356,356,536,645,575,356,356,356,356,356,356,356,356,356,356,356,356,356,356,356,356,356,356,356,356,536,645,575,356,356,356,356,356,356,356,356,356,356,356,356,356,356,356,356,356,356,356,356
POL_Households_and_services,POL,5000,D_POL_RES,84492926,84312416,86182351,85924860,85824860,86124860,88024860,89224860,90024860,90524860,91124860,89624860,88724860,88224860,88024860,89564860,91104860,92644860,94184860,95724860,104824860,95174860,85524860,84037206,83819338,85809121,85924860,85824860,86124860,88024860,89224860,88974860,88724860,89224860,87624860,86624860,86024860,85724860,86524860,87324860,88124860,88924860,89724860,95424860,90774860,86124860,84037206,83819338,85809121,85924860,85824860,86124860,88024860,89224860,91149860,93074860,94184860,93194860,92804860,92814860,93124860,94304860,95484860,96664860,97844860,99024860,106324860,104174860,102024860
POL_Industry,POL,5000,D_POL_RES,65219437,68509536,70399191,71376877,68866877,71406877,72276877,73656877,75396877,77346877,79536877,81096877,82296877,83286877,84186877,85026877,85866877,86706877,87546877,88386877,96696877,105861877,115026877,65036263,68302957,70240541,71376877,68866877,71406877,72276877,73656877,74166877,74676877,76026877,76746877,77016877,77076877,76986877,77316877,77646877,77976877,78306877,78636877,82926877,85941877,88956877,65036263,68302957,70240541,71376877,68866877,71406877,72276877,73656877,76726877,79796877,82476877,84526877,86216877,87696877,89086877,90416877,91746877,93076877,94406877,95736877,106496877,118111877,129726877
POL_Transport_2,POL,5000,D_POL_RES,3518134,3570185,3680694,3616128,3616128,3616128,3616128,3616128,3616128,3616128,3616128,3616128,3616128,3616128,3616128,3616128,3616128,3616128,3616128,3616128,3616128,3616128,3616128,3499159,3549305,3664754,3616128,3616128,3616128,3616128,3616128,3616128,3616128,3616128,3616128,3616128,3616128,3616128,3616128,3616128,3616128,3616128,3616128,3616128,3616128,3616128,3499159,3549305,3664754,3616128,3616128,3616128,3616128,3616128,3616128,3616128,3616128,3616128,3616128,3616128,3616128,3616128,3616128,3616128,3616128,3616128,3616128,3616128,3616128
PRT_Households_and_services,PRT,5000,D_ESP_RES,34129687,33949010,34980613,34477600,34477600,33477600,32477600,31477600,30477600,29477600,28477600,27477600,26477600,25477600,24477600,25277600,26077600,26877600,27677600,28477600,32477600,34477600,36477600,33701196,33489801,34540804,34477600,34477600,33477600,32477600,31477600,30477600,29477600,28477600,27477600,26477600,25477600,24477600,25277600,26077600,26877600,27677600,28477600,32477600,34477600,36477600,33701196,33489801,34540804,34477600,34477600,33477600,32477600,31477600,30477600,29477600,28477600,27477600,26477600,25477600,24477600,25277600,26077600,26877600,27677600,28477600,32477600,34477600,36477600
PRT_Industry,PRT,5000,D_ESP_RES,17644846,18263281,18424111,18725079,18160079,18866829,19008579,19150329,19292079,19433829,19575579,19717329,19859079,20000829,20142579,20483829,20825079,21166329,21507579,21848829,23555079,27035079,30515079,17550815,18158897,18324794,18725079,18160079,18866829,19008579,19150329,19040079,19118829,19197579,19276329,19355079,19433829,19512579,19819329,20126079,20432829,20739579,21046329,22580079,25287579,27995079,17550815,18158897,18324794,18725079,18160079,18866829,19008579,19150329,19541079,19745079,19949079,20153079,20357079,20561079,20765079,21140079,21515079,21890079,22265079,22640079,24515079,28767579,33020079
PRT_Transport_1,PRT,5000,D_ESP_RES,484785,546686,546271,542241,542241,542241,542241,542241,542241,542241,542241,542241,542241,542241,542241,542241,542241,542241,542241,542241,542241,542241,542241,478699,539292,539403,542241,542241,542241,542241,542241,542241,542241,542241,542241,542241,542241,542241,542241,542241,542241,542241,542241,542241,542241,542241,478699,539292,539403,542241,542241,542241,542241,542241,542241,542241,542241,542241,542241,542241,542241,542241,542241,542241,542241,542241,542241,542241,542241
PRT_Transport_2,PRT_EV,5000,D_DEFAULT_EV,1126,2412,6011,13238,370382,1203382,2036382,2869382,3702382,4535382,5368382,6201382,7034382,7867382,8700382,9473382,10246382,11019382,11792382,12565382,16430382,16835382,17240382,1112,2379,5935,13238,370382,1203382,2036382,2869382,3702382,4535382,5368382,6201382,7034382,7867382,8700382,9461382,10222382,10983382,11744382,12505382,16310382,16495382,16680382,1112,2379,5935,13238,370382,1203382,2036382,2869382,3702382,4535382,5368382,6201382,7034382,7867382,8700382,9486382,10272382,11058382,11844382,12630382,16560382,17180382,17800382
PRT_Heating,PRT,5000,D_ESP_HEAT,0,0,0,0,0,60000,120000,180000,240000,300000,334000,368000,402000,436000,470000,485559,501118,516677,532236,547795,566256,570637,571677,0,0,0,0,0,60000,120000,180000,240000,300000,334000,368000,402000,436000,470000,485559,501118,516677,532236,547795,566256,570637,571677,0,0,0,0,0,60000,120000,180000,240000,300000,334000,368000,402000,436000,470000,485559,501118,516677,532236,547795,566256,570637,571677
SE1_Transport,SE1_EV,5000,D_DEFAULT_EV,0,0,0,7571,17431,22464,29282,50251,71221,92190,132872,173554,214236,254918,295599,341170,386740,432310,477881,523451,773316,873421,984531,0,0,0,7571,17431,22464,29282,50251,71221,92190,108468,124746,141024,157302,173580,193645,213710,233774,253839,273904,407507,549081,686396,0,0,0,7571,17431,22464,29282,50251,71221,92190,132872,173554,214236,254918,295599,341170,386740,432310,477881,523451,773316,873421,984531
SE1_Industry,SE1,5000,D_DEFAULT_Flat,0,0,4402915,5538219,5538219,7330329,7797162,8930827,9730827,11985442,13363388,14741334,16119280,17497225,18875171,19614004,20352836,21091669,21830502,22569334,26263498,29957661,30251825,0,0,0,5538219,5538219,7330329,7797162,8930827,9730827,11930101,13296979,14663857,16030735,17397611,18764489,19016254,19268019,19519783,19771547,20023312,21282135,22540957,22779781,0,0,0,5538219,5538219,7330329,7797162,8930827,9730827,12040783,13429797,14818811,16207825,17596838,18985852,19735754,20485654,21235555,21985456,22735356,26484862,30234365,30583869
SE1_Heating,SE1,5000,D_SE1_HEAT,0,0,0,210,245,1475,2729,4009,5314,6645,8002,9387,10800,12240,15936,19632,23328,27025,30721,34417,60844,62065,62065,0,0,0,210,245,1475,2729,4009,5314,6645,8002,9387,10800,12240,15936,19632,23328,27025,30721,34417,60844,62065,62065,0,0,0,210,245,1475,2729,4009,5314,6645,8002,9387,10800,12240,15936,19632,23328,27025,30721,34417,60844,62065,62065
SE1_Households_and_services,SE1,5000,D_SE1_NONIND,0,0,4685237,4117770,4417370,4036316,4041672,4022743,4003814,3984886,3950517,3916148,3881779,3847410,3813041,3815612,3818184,3820755,3823327,3825898,3778253,3797265,3860175,0,0,0,4117770,4417370,4036316,4041672,4022743,4003814,3984886,3964827,3944768,3924709,3904650,3884591,3883928,3883265,3882602,3881939,3881277,3788809,3769757,3869535,0,0,0,4117770,4417370,4036316,4041672,4022743,4003814,3984886,3950517,3916148,3881779,3847410,3813041,3815612,3818184,3820755,3823327,3825898,3778253,3797265,3860175
SE2_Transport,SE2_EV,5000,D_DEFAULT_EV,0,0,0,26489,60987,45679,59544,102184,144824,187464,270189,352913,435638,518363,601087,693752,786417,879082,971747,1064412,1572501,1776060,2001997,0,0,0,26489,60987,45679,59544,102184,144824,187464,220565,253665,286766,319867,352968,393768,434569,475369,516170,556970,828646,1116530,1395753,0,0,0,26489,60987,45679,59544,102184,144824,187464,270189,352913,435638,518363,601087,693752,786417,879082,971747,1064412,1572501,1776060,2001997
SE2_Industry,SE2,5000,D_DEFAULT_Flat,0,0,10399261,13080739,13080739,9692374,9716244,9712625,9700246,9687867,10180912,10673957,11167003,11660048,12153093,12268176,12383259,12498342,12613424,12728507,12838574,13456032,14380881,0,0,0,13080739,13080739,9692374,9716244,9712625,9700246,9687867,9904609,10121352,10338095,10554837,10771580,10810938,10850296,10889655,10929013,10968372,11126838,11739853,11993894,0,0,0,13080739,13080739,9692374,9716244,9712625,9700246,9687867,10209407,10730946,11252486,11774026,12295566,12396949,12498332,12599715,12701098,12802481,13161335,13955239,14691556
SE2_Heating,SE2,5000,D_SE2_HEAT,0,0,0,273,404,2430,4497,6605,8755,10948,13185,15466,17794,20167,26257,32347,38436,44526,50615,56705,100247,102259,102259,0,0,0,273,404,2430,4497,6605,8755,10948,13185,15466,17794,20167,26257,32347,38436,44526,50615,56705,100247,102259,102259,0,0,0,273,404,2430,4497,6605,8755,10948,13185,15466,17794,20167,26257,32347,38436,44526,50615,56705,100247,102259,102259
SE2_Households_and_services,SE2,5000,D_SE2_NONIND,0,0,7719435,6784471,3884771,7098588,7108007,7074717,7041427,7008138,6947694,6887250,6826806,6766362,6705918,6710440,6714963,6719485,6724008,6728530,6644737,6678172,6788812,0,0,0,6784471,3884771,7098588,7108007,7074717,7041427,7008138,6972860,6937583,6902305,6867028,6831751,6830585,6829419,6828254,6827088,6825923,6663301,6629796,6805272,0,0,0,6784471,3884771,7098588,7108007,7074717,7041427,7008138,6947694,6887250,6826806,6766362,6705918,6710440,6714963,6719485,6724008,6728530,6644737,6678172,6788812
SE3_Transport,SE3_EV,5000,D_DEFAULT_EV,0,0,0,153186,352686,385715,502794,862848,1222902,1582956,2281489,2980022,3678555,4377087,5075620,5858089,6640558,7423027,8205496,8987965,13278296,14997165,16904985,0,0,0,153186,352686,385715,502794,862848,1222902,1582956,1862461,2141966,2421470,2700975,2980480,3325002,3669525,4014047,4358569,4703092,6997138,9428051,11785828,0,0,0,153186,352686,385715,502794,862848,1222902,1582956,2281489,2980022,3678555,4377087,5075620,5858089,6640558,7423027,8205496,8987965,13278296,14997165,16904985
SE3_Industry,SE3,5000,D_DEFAULT_Flat,0,0,18908436,23784029,23784029,31704772,31752511,31622793,31493075,32749596,34848273,36500189,38152105,39804021,41455938,41719188,41982440,42245691,42508943,42772194,41836425,42780683,43850465,0,0,0,23784029,23784029,31704772,31752511,31622793,31493074,32749597,33957301,34718246,35479191,36240135,37001080,37035050,37069021,37102991,37136961,37170932,36560509,37613276,37038645,0,0,0,23784029,23784029,31704772,31752511,31622793,31493075,32749597,34940157,36683957,38427757,40171557,41915357,42133806,42352254,42570703,42789151,43007600,42831237,44283795,44612494
SE3_Heating,SE3,5000,D_SE3_HEAT,0,0,0,2670,3338,20063,37122,54524,72272,90376,108841,127676,146888,166484,216755,267026,317296,367567,417837,468108,827554,844159,844159,0,0,0,2670,3338,20063,37122,54524,72272,90376,108841,127676,146888,166484,216755,267026,317296,367567,417837,468108,827554,844159,844159,0,0,0,2670,3338,20063,37122,54524,72272,90376,108841,127676,146888,166484,216755,267026,317296,367567,417837,468108,827554,844159,844159
SE3_Households_and_services,SE3,5000,D_SE3_NONIND,0,0,63724832,56006594,65807794,56764804,56840126,56573920,56307713,56041507,55558159,55074811,54591463,54108114,53624766,53660931,53697095,53733260,53769424,53805589,53135524,53402894,54287638,0,0,0,56006594,65807794,56764804,56840126,56573920,56307713,56041507,55759407,55477307,55195207,54913106,54631006,54621685,54612364,54603043,54593722,54584401,53283974,53016047,54419268,0,0,0,56006594,65807794,56764804,56840126,56573920,56307713,56041507,55558159,55074811,54591463,54108114,53624766,53660931,53697095,53733260,53769424,53805589,53135524,53402894,54287638
SE4_Transport,SE4_EV,5000,D_DEFAULT_EV,0,0,0,73753,169805,112326,144719,272659,400598,528537,761771,995006,1228241,1461475,1694710,1955970,2217231,2478491,2739751,3001012,4433520,5007437,5644443,0,0,0,73753,169805,112326,144719,272659,400598,528537,621861,715186,808510,901835,995159,1110192,1225226,1340259,1455292,1570326,2336290,3147953,3935197,0,0,0,73753,169805,112326,144719,272659,400598,528537,761771,995006,1228241,1461475,1694710,1955970,2217231,2478491,2739751,3001012,4433520,5007437,5644443
SE4_Industry,SE4,5000,D_DEFAULT_Flat,0,0,8853988,11137014,11137014,9107072,9150767,9221785,9292805,9363823,9777208,10190594,10603980,11017365,11430751,11490084,11549418,11608751,11668084,11727417,11483339,11745779,12135680,0,0,0,11137014,11137014,9107072,9150767,9221785,9292804,9363823,9517350,9670876,9824403,9977929,10131456,10126328,10121200,10116073,10110945,10105818,9952354,10247755,10120714,0,0,0,11137014,11137014,9107072,9150767,9221785,9292804,9363823,9804008,10244191,10684376,11124560,11564744,11610910,11657074,11703239,11749405,11795569,11772017,12181529,12398812
SE4_Heating,SE4,5000,D_SE4_HEAT,0,0,0,768,1241,7462,13807,20280,26881,33615,40482,47488,54634,61922,80620,99318,118016,136713,155411,174109,307801,313977,313977,0,0,0,768,1241,7462,13807,20280,26881,33615,40482,47488,54634,61922,80620,99318,118016,136713,155411,174109,307801,313977,313977,0,0,0,768,1241,7462,13807,20280,26881,33615,40482,47488,54634,61922,80620,99318,118016,136713,155411,174109,307801,313977,313977
SE4_Households_and_services,SE4,5000,D_SE4_NONIND,0,0,23701897,20831165,13630065,16592689,16550096,16404848,16259601,16114353,15975369,15836386,15697402,15558419,15419435,15429834,15440233,15450632,15461031,15471430,15278757,15355637,15610040,0,0,0,20831165,13630065,16592689,16550096,16404848,16259601,16114353,16033237,15952121,15871005,15789889,15708773,15706093,15703412,15700732,15698052,15695372,15321443,15244402,15647889,0,0,0,20831165,13630065,16592689,16550096,16404848,16259601,16114353,15975369,15836386,15697402,15558419,15419435,15429834,15440233,15450632,15461031,15471430,15278757,15355637,15610040
SVK_Transport_1,SVK_EV,5000,D_DEFAULT_EV,26649,26481,25377,26042,15070,29777,44485,59193,73900,88608,103315,118023,132731,147438,162146,391388,620630,849872,1079115,1308357,2454568,3600778,4746989,26543,26394,25299,26042,15070,29777,44485,59193,73900,88608,103315,118023,132731,147438,162146,391388,620630,849872,1079115,1308357,2454568,3600778,4746989,26543,26394,25299,26042,15070,29777,44485,59193,73900,88608,103315,118023,132731,147438,162146,697842,1233538,1769234,2304930,2840626,4422242,5356171,5907646
SVK_Heating,SVK,5000,D_SVK_RES,17056,24363,35951,37978,37978,37978,37978,37978,37978,37978,37978,37978,37978,37978,37978,37978,37978,37978,37978,37978,37978,37978,37978,16987,24282,35840,37978,37978,37978,37978,37978,37978,37978,37978,37978,37978,37978,37978,37978,37978,37978,37978,37978,37978,37978,37978,16987,24282,35840,37978,37978,37978,37978,37978,37978,37978,37978,37978,37978,37978,37978,37978,37978,37978,37978,37978,37978,37978,37978
SVK_Households_and_services,SVK,5000,D_SVK_RES,13106182,13623001,13273445,13472286,13777786,15177786,14977786,14877786,14777786,14777786,14677786,14777786,14777786,14777786,14777786,14877786,14977786,15077786,15177786,15277786,15777786,16177786,16577786,13053805,13578099,13232235,13472286,13777786,15177786,14977786,14877786,14627786,14377786,14377786,14377786,14377786,14277786,14277786,14377786,14477786,14577786,14677786,14777786,15077786,15377786,15677786,13053805,13578099,13232235,13472286,13777786,15177786,14977786,14877786,15027786,15177786,15077786,15077786,15177786,15177786,15177786,15117786,15057786,14997786,14937786,14877786,15477786,16477786,17577786
SVK_Industry,SVK,5000,D_SVK_RES,13543715,14033917,14209857,13664647,13368780,14599147,15229147,15824147,16349147,16874147,17399147,17924147,18449147,18939147,19464147,19625147,19786147,19947147,20108147,20269147,21319147,22579147,24084147,13523475,14016701,14191925,13664647,13368780,14599147,15229147,15824147,16016647,16209147,16559147,16839147,17119147,17364147,17644147,17749147,17854147,17959147,18064147,18169147,18834147,19639147,20689147,13523475,14016701,14191925,13664647,13368780,14599147,15229147,15824147,16699147,17574147,18309147,19009147,19744147,20479147,21249147,21361147,21473147,21585147,21697147,21809147,22719147,24154147,26184147
SVK_Transport_2,SVK,5000,D_SVK_RES,620398,594239,596369,549048,549048,549048,549048,549048,549048,549048,549048,549048,549048,549048,549048,549048,549048,549048,549048,549048,549048,549048,549048,617919,592280,594518,549048,549048,549048,549048,549048,549048,549048,549048,549048,549048,549048,549048,549048,549048,549048,549048,549048,549048,549048,549048,617919,592280,594518,549048,549048,549048,549048,549048,549048,549048,549048,549048,549048,549048,549048,549048,549048,549048,549048,549048,549048,549048,549048
SVN_Transport_1,SVN_EV,5000,D_DEFAULT_EV,0,942,1142,2136,12982,170736,320602,462975,598229,726721,848788,964751,1074917,1179574,1278998,1364467,1449935,1535403,1620872,1706340,2037008,2292874,2490857,0,936,1135,2136,12982,170736,320602,462975,598229,726721,848788,964751,1074917,1179574,1278998,1364467,1449935,1535403,1620872,1706340,2037008,2292874,2490857,0,936,1135,2136,12982,170736,320602,462975,883997,1305018,1491322,1658996,1809902,1945718,2067952,2158053,2248154,2338255,2428356,2518457,2784475,2941557,3034312
SVN_Households_and_services,SVN,5000,D_SVN_RES,7202016,7434192,7548141,7505255,5265255,5465255,5665255,5865255,6065255,6265255,6465255,6665255,6865255,7065255,7265255,7365255,7465255,7565255,7665255,7765255,8165255,8365255,8765255,7154727,7387340,7504364,7505255,5265255,5465255,5665255,5865255,5945255,6115255,6285255,6455255,6625255,6795255,6965255,7145255,7325255,7505255,7665255,7765255,8165255,8265255,8465255,7154727,7387340,7504364,7505255,5265255,5465255,5665255,5865255,6240255,6615255,6885255,7155255,7425255,7695255,7965255,7985255,8005255,8025255,8045255,8065255,8465255,8565255,8865255
SVN_Industry,SVN,5000,D_SVN_RES,6613526,6829168,6887105,6879537,6657853,6777537,6675537,6573537,6471537,6369537,6351537,6333537,6315537,6297537,6279537,6303537,6327537,6351537,6375537,6399537,6669537,7029537,7599537,6596723,6812435,6870662,6879537,6657853,6777537,6675537,6573537,6423537,6309537,6279537,6249537,6219537,6189537,6159537,6189537,6219537,6249537,6279537,6309537,6669537,7029537,7509537,6596723,6812435,6870662,6879537,6657853,6777537,6675537,6573537,6539037,6504537,6513537,6522537,6531537,6540537,6549537,6603537,6657537,6711537,6765537,6819537,7209537,7689537,8319537
SVN_Transport_2,SVN,5000,D_SVN_RES,180458,251614,250981,247100,247100,247100,247100,247100,247100,247100,247100,247100,247100,247100,247100,247100,247100,247100,247100,247100,247100,247100,247100,179273,250029,249525,247100,247100,247100,247100,247100,247100,247100,247100,247100,247100,247100,247100,247100,247100,247100,247100,247100,247100,247100,247100,179273,250029,249525,247100,247100,247100,247100,247100,247100,247100,247100,247100,247100,247100,247100,247100,247100,247100,247100,247100,247100,247100,247100
